PCT,CRIME,2019,2020,2021,2022,2023
1,MISDEMEANOR POSSESSION OF STOLEN PROPERTY            ,5,24,4,11,5
1,MISDEMEANOR SEX CRIMES (4),81,52,66,94,75
1,MISDEMEANOR DANGEROUS DRUGS  (1),32,10,10,20,7
1,MISDEMEANOR DANGEROUS WEAPONS (5)               ,12,7,10,13,16
1,PETIT LARCENY                         ,2324,1724,2325,4058,4204
1,ASSAULT 3 AND RELATED OFFENSES        ,395,257,365,377,414
1,INTOXICATED & IMPAIRED DRIVING              ,16,9,15,24,22
1,VEHICLE AND TRAFFIC LAWS              ,62,38,46,90,99
1,MISD. CRIMINAL MISCHIEF & RELATED OFFENSES  ,343,352,383,425,362
1,CRIMINAL TRESPASS,77,84,58,92,57
1,UNAUTHORIZED USE OF A VEHICLE           ,7,12,16,11,15
1,OFFENSES AGAINST THE PERSON (7)      ,13,12,10,13,9
1,OFFENSES AGAINST PUBLIC ADMINISTRATION (2),70,62,67,60,65
1,ADMINISTRATIVE CODE (6)            ,4,2,2,4,0
1,FRAUDS (3)                    ,102,38,68,111,47
1,AGGRAVATED HARASSMENT 2               ,335,186,214,225,226
1,OTHER MISDEMEANORS (8),311,159,196,190,212
1,TOTAL MISDEMEANOR OFFENSES,4189,3028,3855,5818,5835
5,MISDEMEANOR POSSESSION OF STOLEN PROPERTY            ,5,18,4,3,5
5,MISDEMEANOR SEX CRIMES (4),84,41,89,103,61
5,MISDEMEANOR DANGEROUS DRUGS  (1),76,28,39,84,58
5,MISDEMEANOR DANGEROUS WEAPONS (5)               ,7,3,8,12,18
5,PETIT LARCENY                         ,990,649,666,969,1104
5,ASSAULT 3 AND RELATED OFFENSES        ,508,278,317,384,388
5,INTOXICATED & IMPAIRED DRIVING              ,17,4,14,19,13
5,VEHICLE AND TRAFFIC LAWS              ,57,41,51,88,105
5,MISD. CRIMINAL MISCHIEF & RELATED OFFENSES  ,270,360,406,345,262
5,CRIMINAL TRESPASS,77,35,20,57,35
5,UNAUTHORIZED USE OF A VEHICLE           ,5,3,0,3,1
5,OFFENSES AGAINST THE PERSON (7)      ,11,6,14,7,8
5,OFFENSES AGAINST PUBLIC ADMINISTRATION (2),53,49,42,50,45
5,ADMINISTRATIVE CODE (6)            ,2,3,3,3,0
5,FRAUDS (3)                    ,126,29,44,52,90
5,AGGRAVATED HARASSMENT 2               ,144,66,89,97,102
5,OTHER MISDEMEANORS (8),195,110,112,116,123
5,TOTAL MISDEMEANOR OFFENSES,2627,1723,1918,2392,2418
6,MISDEMEANOR POSSESSION OF STOLEN PROPERTY            ,13,7,2,11,7
6,MISDEMEANOR SEX CRIMES (4),53,35,49,51,64
6,MISDEMEANOR DANGEROUS DRUGS  (1),246,126,132,148,154
6,MISDEMEANOR DANGEROUS WEAPONS (5)               ,7,15,9,19,12
6,PETIT LARCENY                         ,1318,1328,1323,1963,2071
6,ASSAULT 3 AND RELATED OFFENSES        ,355,258,325,412,426
6,INTOXICATED & IMPAIRED DRIVING              ,26,8,8,11,10
6,VEHICLE AND TRAFFIC LAWS              ,36,19,32,63,62
6,MISD. CRIMINAL MISCHIEF & RELATED OFFENSES  ,243,274,319,303,247
6,CRIMINAL TRESPASS,91,105,77,97,75
6,UNAUTHORIZED USE OF A VEHICLE           ,12,3,10,8,12
6,OFFENSES AGAINST THE PERSON (7)      ,8,16,8,7,8
6,OFFENSES AGAINST PUBLIC ADMINISTRATION (2),54,74,56,56,57
6,ADMINISTRATIVE CODE (6)            ,1,3,0,0,1
6,FRAUDS (3)                    ,42,27,40,25,30
6,AGGRAVATED HARASSMENT 2               ,146,81,93,97,97
6,OTHER MISDEMEANORS (8),182,128,158,197,152
6,TOTAL MISDEMEANOR OFFENSES,2833,2507,2641,3468,3485
7,MISDEMEANOR POSSESSION OF STOLEN PROPERTY            ,6,4,6,5,18
7,MISDEMEANOR SEX CRIMES (4),46,33,49,47,70
7,MISDEMEANOR DANGEROUS DRUGS  (1),42,22,36,55,30
7,MISDEMEANOR DANGEROUS WEAPONS (5)               ,21,9,15,16,23
7,PETIT LARCENY                         ,758,820,1694,2175,1275
7,ASSAULT 3 AND RELATED OFFENSES        ,490,365,328,449,449
7,INTOXICATED & IMPAIRED DRIVING              ,28,12,18,28,28
7,VEHICLE AND TRAFFIC LAWS              ,51,35,63,101,147
7,MISD. CRIMINAL MISCHIEF & RELATED OFFENSES  ,357,380,420,364,281
7,CRIMINAL TRESPASS,112,34,38,49,24
7,UNAUTHORIZED USE OF A VEHICLE           ,2,3,8,5,6
7,OFFENSES AGAINST THE PERSON (7)      ,9,8,13,10,8
7,OFFENSES AGAINST PUBLIC ADMINISTRATION (2),104,62,74,79,112
7,ADMINISTRATIVE CODE (6)            ,7,2,4,2,2
7,FRAUDS (3)                    ,27,24,39,36,78
7,AGGRAVATED HARASSMENT 2               ,163,152,190,188,130
7,OTHER MISDEMEANORS (8),151,133,145,158,154
7,TOTAL MISDEMEANOR OFFENSES,2374,2098,3140,3767,2835
9,MISDEMEANOR POSSESSION OF STOLEN PROPERTY            ,4,11,3,8,4
9,MISDEMEANOR SEX CRIMES (4),76,57,70,97,69
9,MISDEMEANOR DANGEROUS DRUGS  (1),126,55,93,38,32
9,MISDEMEANOR DANGEROUS WEAPONS (5)               ,25,10,26,14,8
9,PETIT LARCENY                         ,1304,945,1262,2163,1511
9,ASSAULT 3 AND RELATED OFFENSES        ,427,312,396,454,477
9,INTOXICATED & IMPAIRED DRIVING              ,8,6,7,12,12
9,VEHICLE AND TRAFFIC LAWS              ,46,34,74,80,124
9,MISD. CRIMINAL MISCHIEF & RELATED OFFENSES  ,275,324,386,298,295
9,CRIMINAL TRESPASS,95,42,36,32,23
9,UNAUTHORIZED USE OF A VEHICLE           ,4,3,2,3,2
9,OFFENSES AGAINST THE PERSON (7)      ,11,14,8,11,8
9,OFFENSES AGAINST PUBLIC ADMINISTRATION (2),109,87,82,86,75
9,ADMINISTRATIVE CODE (6)            ,7,6,2,3,5
9,FRAUDS (3)                    ,40,22,104,61,44
9,AGGRAVATED HARASSMENT 2               ,175,157,208,167,171
9,OTHER MISDEMEANORS (8),154,99,168,168,168
9,TOTAL MISDEMEANOR OFFENSES,2886,2184,2927,3695,3028
10,MISDEMEANOR POSSESSION OF STOLEN PROPERTY            ,5,3,2,4,4
10,MISDEMEANOR SEX CRIMES (4),56,32,44,54,66
10,MISDEMEANOR DANGEROUS DRUGS  (1),69,30,28,88,114
10,MISDEMEANOR DANGEROUS WEAPONS (5)               ,9,4,5,16,13
10,PETIT LARCENY                         ,842,715,578,746,822
10,ASSAULT 3 AND RELATED OFFENSES        ,339,244,326,376,363
10,INTOXICATED & IMPAIRED DRIVING              ,78,10,5,17,10
10,VEHICLE AND TRAFFIC LAWS              ,53,29,51,82,112
10,MISD. CRIMINAL MISCHIEF & RELATED OFFENSES  ,227,215,242,185,204
10,CRIMINAL TRESPASS,104,71,59,83,76
10,UNAUTHORIZED USE OF A VEHICLE           ,15,12,15,14,7
10,OFFENSES AGAINST THE PERSON (7)      ,11,5,21,20,7
10,OFFENSES AGAINST PUBLIC ADMINISTRATION (2),70,53,56,54,48
10,ADMINISTRATIVE CODE (6)            ,5,2,4,2,2
10,FRAUDS (3)                    ,19,15,79,30,65
10,AGGRAVATED HARASSMENT 2               ,180,108,122,110,105
10,OTHER MISDEMEANORS (8),110,98,135,168,183
10,TOTAL MISDEMEANOR OFFENSES,2192,1646,1772,2049,2201
13,MISDEMEANOR POSSESSION OF STOLEN PROPERTY            ,8,2,7,3,6
13,MISDEMEANOR SEX CRIMES (4),127,78,93,103,105
13,MISDEMEANOR DANGEROUS DRUGS  (1),168,37,39,49,31
13,MISDEMEANOR DANGEROUS WEAPONS (5)               ,32,10,5,16,24
13,PETIT LARCENY                         ,2408,1762,1980,2342,2319
13,ASSAULT 3 AND RELATED OFFENSES        ,534,382,458,508,520
13,INTOXICATED & IMPAIRED DRIVING              ,35,9,12,20,18
13,VEHICLE AND TRAFFIC LAWS              ,74,37,91,91,126
13,MISD. CRIMINAL MISCHIEF & RELATED OFFENSES  ,396,369,360,313,276
13,CRIMINAL TRESPASS,58,87,70,74,42
13,UNAUTHORIZED USE OF A VEHICLE           ,6,5,13,6,7
13,OFFENSES AGAINST THE PERSON (7)      ,10,8,5,10,20
13,OFFENSES AGAINST PUBLIC ADMINISTRATION (2),75,55,58,48,66
13,ADMINISTRATIVE CODE (6)            ,6,4,1,1,1
13,FRAUDS (3)                    ,46,35,84,63,73
13,AGGRAVATED HARASSMENT 2               ,263,178,152,166,167
13,OTHER MISDEMEANORS (8),295,138,162,180,289
13,TOTAL MISDEMEANOR OFFENSES,4541,3196,3590,3993,4090
14,MISDEMEANOR POSSESSION OF STOLEN PROPERTY            ,22,17,14,22,26
14,MISDEMEANOR SEX CRIMES (4),177,97,130,188,217
14,MISDEMEANOR DANGEROUS DRUGS  (1),447,193,436,498,283
14,MISDEMEANOR DANGEROUS WEAPONS (5)               ,36,21,49,66,101
14,PETIT LARCENY                         ,3057,1823,2333,3416,4017
14,ASSAULT 3 AND RELATED OFFENSES        ,661,542,858,930,1108
14,INTOXICATED & IMPAIRED DRIVING              ,28,5,17,14,19
14,VEHICLE AND TRAFFIC LAWS              ,73,49,91,121,162
14,MISD. CRIMINAL MISCHIEF & RELATED OFFENSES  ,319,378,393,353,280
14,CRIMINAL TRESPASS,209,94,146,164,113
14,UNAUTHORIZED USE OF A VEHICLE           ,2,11,14,10,9
14,OFFENSES AGAINST THE PERSON (7)      ,22,10,35,27,44
14,OFFENSES AGAINST PUBLIC ADMINISTRATION (2),126,70,132,179,186
14,ADMINISTRATIVE CODE (6)            ,0,1,1,2,1
14,FRAUDS (3)                    ,46,30,60,94,121
14,AGGRAVATED HARASSMENT 2               ,295,148,191,180,177
14,OTHER MISDEMEANORS (8),618,286,482,695,1010
14,TOTAL MISDEMEANOR OFFENSES,6138,3775,5382,6959,7874
17,MISDEMEANOR POSSESSION OF STOLEN PROPERTY            ,5,1,1,3,0
17,MISDEMEANOR SEX CRIMES (4),47,40,60,43,52
17,MISDEMEANOR DANGEROUS DRUGS  (1),32,7,3,3,5
17,MISDEMEANOR DANGEROUS WEAPONS (5)               ,5,3,6,7,8
17,PETIT LARCENY                         ,1079,1315,1002,1221,1063
17,ASSAULT 3 AND RELATED OFFENSES        ,241,153,186,240,251
17,INTOXICATED & IMPAIRED DRIVING              ,13,16,5,11,9
17,VEHICLE AND TRAFFIC LAWS              ,84,65,73,86,137
17,MISD. CRIMINAL MISCHIEF & RELATED OFFENSES  ,171,186,216,165,94
17,CRIMINAL TRESPASS,45,23,31,30,33
17,UNAUTHORIZED USE OF A VEHICLE           ,1,7,3,6,7
17,OFFENSES AGAINST THE PERSON (7)      ,4,5,6,4,10
17,OFFENSES AGAINST PUBLIC ADMINISTRATION (2),43,26,31,21,20
17,ADMINISTRATIVE CODE (6)            ,0,4,1,2,0
17,FRAUDS (3)                    ,20,25,56,44,29
17,AGGRAVATED HARASSMENT 2               ,71,58,47,66,57
17,OTHER MISDEMEANORS (8),132,65,77,81,120
17,TOTAL MISDEMEANOR OFFENSES,1993,1999,1804,2033,1895
18,MISDEMEANOR POSSESSION OF STOLEN PROPERTY            ,8,6,4,3,11
18,MISDEMEANOR SEX CRIMES (4),110,47,69,105,120
18,MISDEMEANOR DANGEROUS DRUGS  (1),54,26,28,30,52
18,MISDEMEANOR DANGEROUS WEAPONS (5)               ,12,7,11,31,35
18,PETIT LARCENY                         ,2122,1434,2012,2797,2766
18,ASSAULT 3 AND RELATED OFFENSES        ,653,314,452,565,693
18,INTOXICATED & IMPAIRED DRIVING              ,25,13,13,15,10
18,VEHICLE AND TRAFFIC LAWS              ,96,59,75,92,170
18,MISD. CRIMINAL MISCHIEF & RELATED OFFENSES  ,293,300,277,281,178
18,CRIMINAL TRESPASS,64,93,83,64,52
18,UNAUTHORIZED USE OF A VEHICLE           ,16,13,28,13,32
18,OFFENSES AGAINST THE PERSON (7)      ,29,10,23,20,18
18,OFFENSES AGAINST PUBLIC ADMINISTRATION (2),109,69,103,90,106
18,ADMINISTRATIVE CODE (6)            ,2,3,4,4,3
18,FRAUDS (3)                    ,87,44,75,101,128
18,AGGRAVATED HARASSMENT 2               ,268,142,103,109,138
18,OTHER MISDEMEANORS (8),347,157,264,294,422
18,TOTAL MISDEMEANOR OFFENSES,4295,2737,3624,4614,4934
19,MISDEMEANOR POSSESSION OF STOLEN PROPERTY            ,10,6,4,9,6
19,MISDEMEANOR SEX CRIMES (4),93,57,76,75,89
19,MISDEMEANOR DANGEROUS DRUGS  (1),19,3,7,12,6
19,MISDEMEANOR DANGEROUS WEAPONS (5)               ,18,4,9,5,8
19,PETIT LARCENY                         ,2585,2669,2498,4021,3077
19,ASSAULT 3 AND RELATED OFFENSES        ,376,272,348,378,354
19,INTOXICATED & IMPAIRED DRIVING              ,16,7,22,19,16
19,VEHICLE AND TRAFFIC LAWS              ,87,98,99,149,170
19,MISD. CRIMINAL MISCHIEF & RELATED OFFENSES  ,382,363,275,248,183
19,CRIMINAL TRESPASS,50,34,29,36,43
19,UNAUTHORIZED USE OF A VEHICLE           ,17,11,6,15,21
19,OFFENSES AGAINST THE PERSON (7)      ,19,14,27,21,8
19,OFFENSES AGAINST PUBLIC ADMINISTRATION (2),61,42,37,32,36
19,ADMINISTRATIVE CODE (6)            ,9,9,5,2,2
19,FRAUDS (3)                    ,72,94,143,89,107
19,AGGRAVATED HARASSMENT 2               ,152,116,148,147,143
19,OTHER MISDEMEANORS (8),184,117,169,176,181
19,TOTAL MISDEMEANOR OFFENSES,4150,3916,3902,5434,4450
20,MISDEMEANOR POSSESSION OF STOLEN PROPERTY            ,2,3,3,2,5
20,MISDEMEANOR SEX CRIMES (4),57,25,44,46,48
20,MISDEMEANOR DANGEROUS DRUGS  (1),16,33,14,5,5
20,MISDEMEANOR DANGEROUS WEAPONS (5)               ,7,3,4,4,8
20,PETIT LARCENY                         ,1560,1367,1255,1222,1171
20,ASSAULT 3 AND RELATED OFFENSES        ,223,135,189,223,222
20,INTOXICATED & IMPAIRED DRIVING              ,13,3,4,13,10
20,VEHICLE AND TRAFFIC LAWS              ,29,20,41,77,107
20,MISD. CRIMINAL MISCHIEF & RELATED OFFENSES  ,338,306,271,292,125
20,CRIMINAL TRESPASS,31,18,24,10,17
20,UNAUTHORIZED USE OF A VEHICLE           ,11,8,9,4,11
20,OFFENSES AGAINST THE PERSON (7)      ,12,11,13,5,1
20,OFFENSES AGAINST PUBLIC ADMINISTRATION (2),47,17,24,13,18
20,ADMINISTRATIVE CODE (6)            ,6,3,2,6,1
20,FRAUDS (3)                    ,79,51,89,48,32
20,AGGRAVATED HARASSMENT 2               ,80,82,78,86,69
20,OTHER MISDEMEANORS (8),106,61,104,96,109
20,TOTAL MISDEMEANOR OFFENSES,2617,2146,2168,2152,1959
22,MISDEMEANOR POSSESSION OF STOLEN PROPERTY            ,1,0,0,1,0
22,MISDEMEANOR SEX CRIMES (4),8,6,6,13,13
22,MISDEMEANOR DANGEROUS DRUGS  (1),10,0,0,1,0
22,MISDEMEANOR DANGEROUS WEAPONS (5)               ,1,0,3,2,2
22,PETIT LARCENY                         ,51,34,34,34,43
22,ASSAULT 3 AND RELATED OFFENSES        ,32,23,25,35,47
22,INTOXICATED & IMPAIRED DRIVING              ,1,0,2,1,3
22,VEHICLE AND TRAFFIC LAWS              ,1,3,4,13,15
22,MISD. CRIMINAL MISCHIEF & RELATED OFFENSES  ,18,26,33,40,25
22,CRIMINAL TRESPASS,1,1,1,1,1
22,UNAUTHORIZED USE OF A VEHICLE           ,1,0,2,1,1
22,OFFENSES AGAINST THE PERSON (7)      ,2,1,2,0,0
22,OFFENSES AGAINST PUBLIC ADMINISTRATION (2),3,2,2,1,0
22,ADMINISTRATIVE CODE (6)            ,0,0,0,0,0
22,FRAUDS (3)                    ,1,0,0,0,0
22,AGGRAVATED HARASSMENT 2               ,6,5,4,2,1
22,OTHER MISDEMEANORS (8),7,7,11,6,14
22,TOTAL MISDEMEANOR OFFENSES,144,108,129,151,165
23,MISDEMEANOR POSSESSION OF STOLEN PROPERTY            ,13,2,5,6,12
23,MISDEMEANOR SEX CRIMES (4),73,64,84,93,121
23,MISDEMEANOR DANGEROUS DRUGS  (1),115,72,32,36,80
23,MISDEMEANOR DANGEROUS WEAPONS (5)               ,37,28,14,15,39
23,PETIT LARCENY                         ,823,763,751,922,938
23,ASSAULT 3 AND RELATED OFFENSES        ,633,551,553,541,669
23,INTOXICATED & IMPAIRED DRIVING              ,24,11,25,30,43
23,VEHICLE AND TRAFFIC LAWS              ,59,56,78,89,229
23,MISD. CRIMINAL MISCHIEF & RELATED OFFENSES  ,478,491,436,507,297
23,CRIMINAL TRESPASS,123,55,33,72,30
23,UNAUTHORIZED USE OF A VEHICLE           ,12,10,16,8,9
23,OFFENSES AGAINST THE PERSON (7)      ,34,20,38,22,22
23,OFFENSES AGAINST PUBLIC ADMINISTRATION (2),241,271,243,227,190
23,ADMINISTRATIVE CODE (6)            ,6,8,5,4,4
23,FRAUDS (3)                    ,33,29,27,34,95
23,AGGRAVATED HARASSMENT 2               ,295,316,322,352,291
23,OTHER MISDEMEANORS (8),250,175,212,242,278
23,TOTAL MISDEMEANOR OFFENSES,3249,2922,2874,3200,3347
24,MISDEMEANOR POSSESSION OF STOLEN PROPERTY            ,6,3,5,6,12
24,MISDEMEANOR SEX CRIMES (4),37,36,44,49,59
24,MISDEMEANOR DANGEROUS DRUGS  (1),28,37,27,31,29
24,MISDEMEANOR DANGEROUS WEAPONS (5)               ,13,6,13,14,23
24,PETIT LARCENY                         ,1441,1406,1318,1842,1551
24,ASSAULT 3 AND RELATED OFFENSES        ,295,258,279,306,301
24,INTOXICATED & IMPAIRED DRIVING              ,16,11,8,23,19
24,VEHICLE AND TRAFFIC LAWS              ,25,31,39,68,170
24,MISD. CRIMINAL MISCHIEF & RELATED OFFENSES  ,341,334,276,262,250
24,CRIMINAL TRESPASS,32,50,32,17,24
24,UNAUTHORIZED USE OF A VEHICLE           ,5,3,5,7,13
24,OFFENSES AGAINST THE PERSON (7)      ,19,3,11,19,16
24,OFFENSES AGAINST PUBLIC ADMINISTRATION (2),38,44,40,46,54
24,ADMINISTRATIVE CODE (6)            ,2,1,1,1,0
24,FRAUDS (3)                    ,35,28,47,28,42
24,AGGRAVATED HARASSMENT 2               ,91,74,100,85,72
24,OTHER MISDEMEANORS (8),155,157,131,169,159
24,TOTAL MISDEMEANOR OFFENSES,2579,2482,2376,2973,2794
25,MISDEMEANOR POSSESSION OF STOLEN PROPERTY            ,7,3,2,9,14
25,MISDEMEANOR SEX CRIMES (4),93,65,74,65,87
25,MISDEMEANOR DANGEROUS DRUGS  (1),1148,727,571,463,1271
25,MISDEMEANOR DANGEROUS WEAPONS (5)               ,58,48,62,31,48
25,PETIT LARCENY                         ,1309,828,1011,1359,1284
25,ASSAULT 3 AND RELATED OFFENSES        ,666,490,530,553,554
25,INTOXICATED & IMPAIRED DRIVING              ,53,37,41,54,44
25,VEHICLE AND TRAFFIC LAWS              ,80,94,91,169,253
25,MISD. CRIMINAL MISCHIEF & RELATED OFFENSES  ,458,628,542,623,587
25,CRIMINAL TRESPASS,52,30,30,44,32
25,UNAUTHORIZED USE OF A VEHICLE           ,12,20,18,15,16
25,OFFENSES AGAINST THE PERSON (7)      ,20,8,16,14,11
25,OFFENSES AGAINST PUBLIC ADMINISTRATION (2),144,128,118,109,123
25,ADMINISTRATIVE CODE (6)            ,8,4,3,4,3
25,FRAUDS (3)                    ,51,37,26,50,42
25,AGGRAVATED HARASSMENT 2               ,319,168,155,200,136
25,OTHER MISDEMEANORS (8),276,157,178,227,279
25,TOTAL MISDEMEANOR OFFENSES,4754,3472,3468,3989,4784
26,MISDEMEANOR POSSESSION OF STOLEN PROPERTY            ,6,6,3,4,1
26,MISDEMEANOR SEX CRIMES (4),34,22,40,53,48
26,MISDEMEANOR DANGEROUS DRUGS  (1),57,36,29,14,15
26,MISDEMEANOR DANGEROUS WEAPONS (5)               ,18,14,8,13,17
26,PETIT LARCENY                         ,753,625,459,497,509
26,ASSAULT 3 AND RELATED OFFENSES        ,249,216,216,201,240
26,INTOXICATED & IMPAIRED DRIVING              ,13,9,7,13,19
26,VEHICLE AND TRAFFIC LAWS              ,20,29,44,56,140
26,MISD. CRIMINAL MISCHIEF & RELATED OFFENSES  ,419,346,327,224,230
26,CRIMINAL TRESPASS,69,40,25,28,15
26,UNAUTHORIZED USE OF A VEHICLE           ,2,7,4,6,10
26,OFFENSES AGAINST THE PERSON (7)      ,22,8,10,2,12
26,OFFENSES AGAINST PUBLIC ADMINISTRATION (2),71,46,42,20,36
26,ADMINISTRATIVE CODE (6)            ,3,2,3,0,2
26,FRAUDS (3)                    ,20,19,30,74,103
26,AGGRAVATED HARASSMENT 2               ,145,133,98,97,108
26,OTHER MISDEMEANORS (8),128,67,90,116,138
26,TOTAL MISDEMEANOR OFFENSES,2029,1625,1435,1418,1643
28,MISDEMEANOR POSSESSION OF STOLEN PROPERTY            ,10,8,9,4,9
28,MISDEMEANOR SEX CRIMES (4),35,33,56,60,55
28,MISDEMEANOR DANGEROUS DRUGS  (1),182,140,182,157,100
28,MISDEMEANOR DANGEROUS WEAPONS (5)               ,17,9,18,22,21
28,PETIT LARCENY                         ,1195,919,1158,1193,1246
28,ASSAULT 3 AND RELATED OFFENSES        ,538,364,417,404,397
28,INTOXICATED & IMPAIRED DRIVING              ,33,12,27,19,8
28,VEHICLE AND TRAFFIC LAWS              ,39,51,78,106,87
28,MISD. CRIMINAL MISCHIEF & RELATED OFFENSES  ,354,353,300,366,267
28,CRIMINAL TRESPASS,57,57,36,23,16
28,UNAUTHORIZED USE OF A VEHICLE           ,6,8,8,7,7
28,OFFENSES AGAINST THE PERSON (7)      ,29,14,23,18,15
28,OFFENSES AGAINST PUBLIC ADMINISTRATION (2),113,90,70,115,106
28,ADMINISTRATIVE CODE (6)            ,11,6,4,3,4
28,FRAUDS (3)                    ,22,12,49,121,121
28,AGGRAVATED HARASSMENT 2               ,195,169,181,162,155
28,OTHER MISDEMEANORS (8),274,133,166,203,206
28,TOTAL MISDEMEANOR OFFENSES,3110,2378,2782,2983,2820
30,MISDEMEANOR POSSESSION OF STOLEN PROPERTY            ,4,3,7,6,10
30,MISDEMEANOR SEX CRIMES (4),42,29,28,54,52
30,MISDEMEANOR DANGEROUS DRUGS  (1),51,42,85,95,64
30,MISDEMEANOR DANGEROUS WEAPONS (5)               ,13,17,9,30,19
30,PETIT LARCENY                         ,840,842,891,1120,774
30,ASSAULT 3 AND RELATED OFFENSES        ,372,299,322,339,331
30,INTOXICATED & IMPAIRED DRIVING              ,60,22,36,43,36
30,VEHICLE AND TRAFFIC LAWS              ,39,41,56,74,141
30,MISD. CRIMINAL MISCHIEF & RELATED OFFENSES  ,345,371,391,321,349
30,CRIMINAL TRESPASS,29,13,6,16,6
30,UNAUTHORIZED USE OF A VEHICLE           ,3,4,4,16,10
30,OFFENSES AGAINST THE PERSON (7)      ,13,8,16,22,16
30,OFFENSES AGAINST PUBLIC ADMINISTRATION (2),94,81,113,112,86
30,ADMINISTRATIVE CODE (6)            ,6,8,5,10,4
30,FRAUDS (3)                    ,49,26,65,103,104
30,AGGRAVATED HARASSMENT 2               ,152,156,172,163,165
30,OTHER MISDEMEANORS (8),136,128,135,162,232
30,TOTAL MISDEMEANOR OFFENSES,2248,2090,2341,2686,2399
32,MISDEMEANOR POSSESSION OF STOLEN PROPERTY            ,10,8,9,6,8
32,MISDEMEANOR SEX CRIMES (4),78,45,84,86,91
32,MISDEMEANOR DANGEROUS DRUGS  (1),174,88,124,87,85
32,MISDEMEANOR DANGEROUS WEAPONS (5)               ,43,24,23,14,36
32,PETIT LARCENY                         ,776,783,772,838,889
32,ASSAULT 3 AND RELATED OFFENSES        ,636,531,618,595,630
32,INTOXICATED & IMPAIRED DRIVING              ,49,26,31,22,17
32,VEHICLE AND TRAFFIC LAWS              ,55,72,89,122,166
32,MISD. CRIMINAL MISCHIEF & RELATED OFFENSES  ,487,539,491,416,363
32,CRIMINAL TRESPASS,198,89,87,65,30
32,UNAUTHORIZED USE OF A VEHICLE           ,8,12,10,5,8
32,OFFENSES AGAINST THE PERSON (7)      ,33,23,13,22,15
32,OFFENSES AGAINST PUBLIC ADMINISTRATION (2),158,42,126,127,146
32,ADMINISTRATIVE CODE (6)            ,20,9,6,8,2
32,FRAUDS (3)                    ,37,15,53,56,104
32,AGGRAVATED HARASSMENT 2               ,273,248,274,295,273
32,OTHER MISDEMEANORS (8),235,206,241,262,291
32,TOTAL MISDEMEANOR OFFENSES,3270,2760,3051,3026,3154
33,MISDEMEANOR POSSESSION OF STOLEN PROPERTY            ,5,6,10,8,10
33,MISDEMEANOR SEX CRIMES (4),41,30,49,52,58
33,MISDEMEANOR DANGEROUS DRUGS  (1),204,97,52,51,148
33,MISDEMEANOR DANGEROUS WEAPONS (5)               ,10,7,7,13,24
33,PETIT LARCENY                         ,807,712,1589,1296,918
33,ASSAULT 3 AND RELATED OFFENSES        ,361,307,413,400,369
33,INTOXICATED & IMPAIRED DRIVING              ,44,21,16,24,19
33,VEHICLE AND TRAFFIC LAWS              ,54,69,77,141,140
33,MISD. CRIMINAL MISCHIEF & RELATED OFFENSES  ,382,345,314,279,282
33,CRIMINAL TRESPASS,44,39,15,15,10
33,UNAUTHORIZED USE OF A VEHICLE           ,6,5,5,7,11
33,OFFENSES AGAINST THE PERSON (7)      ,11,7,15,22,16
33,OFFENSES AGAINST PUBLIC ADMINISTRATION (2),48,36,51,52,63
33,ADMINISTRATIVE CODE (6)            ,8,4,7,11,6
33,FRAUDS (3)                    ,23,47,44,22,21
33,AGGRAVATED HARASSMENT 2               ,122,99,115,130,109
33,OTHER MISDEMEANORS (8),141,98,184,195,251
33,TOTAL MISDEMEANOR OFFENSES,2311,1929,2963,2718,2455
34,MISDEMEANOR POSSESSION OF STOLEN PROPERTY            ,9,6,8,5,33
34,MISDEMEANOR SEX CRIMES (4),49,38,43,52,79
34,MISDEMEANOR DANGEROUS DRUGS  (1),126,83,42,64,132
34,MISDEMEANOR DANGEROUS WEAPONS (5)               ,36,18,13,21,67
34,PETIT LARCENY                         ,1055,974,956,1490,1419
34,ASSAULT 3 AND RELATED OFFENSES        ,513,393,409,458,532
34,INTOXICATED & IMPAIRED DRIVING              ,93,29,19,33,36
34,VEHICLE AND TRAFFIC LAWS              ,89,92,126,225,246
34,MISD. CRIMINAL MISCHIEF & RELATED OFFENSES  ,344,356,293,352,303
34,CRIMINAL TRESPASS,36,16,12,14,12
34,UNAUTHORIZED USE OF A VEHICLE           ,15,16,8,13,20
34,OFFENSES AGAINST THE PERSON (7)      ,42,26,21,19,44
34,OFFENSES AGAINST PUBLIC ADMINISTRATION (2),113,138,87,118,168
34,ADMINISTRATIVE CODE (6)            ,9,10,9,13,2
34,FRAUDS (3)                    ,53,25,24,39,155
34,AGGRAVATED HARASSMENT 2               ,214,170,197,218,205
34,OTHER MISDEMEANORS (8),170,140,177,259,278
34,TOTAL MISDEMEANOR OFFENSES,2966,2530,2444,3393,3731
40,MISDEMEANOR POSSESSION OF STOLEN PROPERTY            ,20,18,11,16,17
40,MISDEMEANOR SEX CRIMES (4),142,100,134,144,221
40,MISDEMEANOR DANGEROUS DRUGS  (1),1263,382,226,322,426
40,MISDEMEANOR DANGEROUS WEAPONS (5)               ,99,62,45,47,88
40,PETIT LARCENY                         ,1784,1598,1417,1953,1645
40,ASSAULT 3 AND RELATED OFFENSES        ,1345,1062,948,1054,1143
40,INTOXICATED & IMPAIRED DRIVING              ,70,60,59,74,68
40,VEHICLE AND TRAFFIC LAWS              ,161,128,168,389,779
40,MISD. CRIMINAL MISCHIEF & RELATED OFFENSES  ,1086,875,666,781,563
40,CRIMINAL TRESPASS,148,45,38,50,69
40,UNAUTHORIZED USE OF A VEHICLE           ,26,25,20,26,31
40,OFFENSES AGAINST THE PERSON (7)      ,29,33,24,43,57
40,OFFENSES AGAINST PUBLIC ADMINISTRATION (2),303,245,250,201,240
40,ADMINISTRATIVE CODE (6)            ,47,20,16,11,18
40,FRAUDS (3)                    ,104,59,55,214,229
40,AGGRAVATED HARASSMENT 2               ,441,326,427,440,449
40,OTHER MISDEMEANORS (8),728,445,503,709,893
40,TOTAL MISDEMEANOR OFFENSES,7796,5483,5007,6474,6936
41,MISDEMEANOR POSSESSION OF STOLEN PROPERTY            ,12,11,3,9,12
41,MISDEMEANOR SEX CRIMES (4),76,87,147,137,155
41,MISDEMEANOR DANGEROUS DRUGS  (1),139,97,34,36,31
41,MISDEMEANOR DANGEROUS WEAPONS (5)               ,19,15,22,41,42
41,PETIT LARCENY                         ,856,672,574,823,909
41,ASSAULT 3 AND RELATED OFFENSES        ,506,372,398,538,589
41,INTOXICATED & IMPAIRED DRIVING              ,33,20,15,26,23
41,VEHICLE AND TRAFFIC LAWS              ,80,92,116,161,243
41,MISD. CRIMINAL MISCHIEF & RELATED OFFENSES  ,545,577,419,341,311
41,CRIMINAL TRESPASS,17,21,11,19,28
41,UNAUTHORIZED USE OF A VEHICLE           ,28,15,13,15,20
41,OFFENSES AGAINST THE PERSON (7)      ,8,9,38,13,42
41,OFFENSES AGAINST PUBLIC ADMINISTRATION (2),88,94,106,123,119
41,ADMINISTRATIVE CODE (6)            ,7,8,8,15,16
41,FRAUDS (3)                    ,25,16,55,39,81
41,AGGRAVATED HARASSMENT 2               ,252,186,173,231,252
41,OTHER MISDEMEANORS (8),260,345,231,382,528
41,TOTAL MISDEMEANOR OFFENSES,2951,2637,2363,2949,3401
42,MISDEMEANOR POSSESSION OF STOLEN PROPERTY            ,22,5,14,9,15
42,MISDEMEANOR SEX CRIMES (4),100,49,94,103,157
42,MISDEMEANOR DANGEROUS DRUGS  (1),238,60,82,23,55
42,MISDEMEANOR DANGEROUS WEAPONS (5)               ,52,16,25,32,30
42,PETIT LARCENY                         ,1122,1178,971,1294,1194
42,ASSAULT 3 AND RELATED OFFENSES        ,978,850,900,967,1054
42,INTOXICATED & IMPAIRED DRIVING              ,34,25,29,15,17
42,VEHICLE AND TRAFFIC LAWS              ,115,106,157,186,355
42,MISD. CRIMINAL MISCHIEF & RELATED OFFENSES  ,812,761,579,557,577
42,CRIMINAL TRESPASS,63,33,24,22,27
42,UNAUTHORIZED USE OF A VEHICLE           ,20,14,20,17,23
42,OFFENSES AGAINST THE PERSON (7)      ,26,13,14,26,26
42,OFFENSES AGAINST PUBLIC ADMINISTRATION (2),195,183,190,193,170
42,ADMINISTRATIVE CODE (6)            ,36,21,10,22,12
42,FRAUDS (3)                    ,94,27,30,61,246
42,AGGRAVATED HARASSMENT 2               ,284,287,316,402,348
42,OTHER MISDEMEANORS (8),371,376,460,518,615
42,TOTAL MISDEMEANOR OFFENSES,4562,4004,3915,4447,4921
43,MISDEMEANOR POSSESSION OF STOLEN PROPERTY            ,16,11,18,23,37
43,MISDEMEANOR SEX CRIMES (4),109,68,121,108,169
43,MISDEMEANOR DANGEROUS DRUGS  (1),134,103,44,61,78
43,MISDEMEANOR DANGEROUS WEAPONS (5)               ,56,43,33,55,53
43,PETIT LARCENY                         ,1524,1392,1495,2079,1955
43,ASSAULT 3 AND RELATED OFFENSES        ,1117,986,1010,1118,1138
43,INTOXICATED & IMPAIRED DRIVING              ,38,34,42,56,72
43,VEHICLE AND TRAFFIC LAWS              ,142,138,164,332,693
43,MISD. CRIMINAL MISCHIEF & RELATED OFFENSES  ,709,656,568,507,501
43,CRIMINAL TRESPASS,92,47,27,30,43
43,UNAUTHORIZED USE OF A VEHICLE           ,18,21,20,29,29
43,OFFENSES AGAINST THE PERSON (7)      ,33,26,23,31,26
43,OFFENSES AGAINST PUBLIC ADMINISTRATION (2),210,153,140,233,227
43,ADMINISTRATIVE CODE (6)            ,45,45,30,17,12
43,FRAUDS (3)                    ,57,60,143,299,123
43,AGGRAVATED HARASSMENT 2               ,388,353,469,395,444
43,OTHER MISDEMEANORS (8),441,372,431,526,558
43,TOTAL MISDEMEANOR OFFENSES,5129,4508,4778,5899,6158
44,MISDEMEANOR POSSESSION OF STOLEN PROPERTY            ,28,12,12,36,34
44,MISDEMEANOR SEX CRIMES (4),125,95,131,178,198
44,MISDEMEANOR DANGEROUS DRUGS  (1),345,158,119,80,83
44,MISDEMEANOR DANGEROUS WEAPONS (5)               ,126,57,70,77,97
44,PETIT LARCENY                         ,1766,1523,1417,1938,2040
44,ASSAULT 3 AND RELATED OFFENSES        ,1355,1086,1072,1266,1248
44,INTOXICATED & IMPAIRED DRIVING              ,25,16,12,31,50
44,VEHICLE AND TRAFFIC LAWS              ,176,170,221,436,844
44,MISD. CRIMINAL MISCHIEF & RELATED OFFENSES  ,1100,899,717,744,701
44,CRIMINAL TRESPASS,225,27,34,45,52
44,UNAUTHORIZED USE OF A VEHICLE           ,15,21,16,17,27
44,OFFENSES AGAINST THE PERSON (7)      ,27,19,30,51,169
44,OFFENSES AGAINST PUBLIC ADMINISTRATION (2),293,215,248,249,232
44,ADMINISTRATIVE CODE (6)            ,26,15,19,15,17
44,FRAUDS (3)                    ,126,106,230,73,101
44,AGGRAVATED HARASSMENT 2               ,421,342,389,462,425
44,OTHER MISDEMEANORS (8),650,436,436,557,809
44,TOTAL MISDEMEANOR OFFENSES,6829,5197,5173,6255,7127
45,MISDEMEANOR POSSESSION OF STOLEN PROPERTY            ,4,4,1,9,11
45,MISDEMEANOR SEX CRIMES (4),39,33,68,69,75
45,MISDEMEANOR DANGEROUS DRUGS  (1),40,21,13,9,36
45,MISDEMEANOR DANGEROUS WEAPONS (5)               ,16,15,9,12,22
45,PETIT LARCENY                         ,1182,911,1043,1221,1431
45,ASSAULT 3 AND RELATED OFFENSES        ,595,406,439,464,508
45,INTOXICATED & IMPAIRED DRIVING              ,86,38,36,67,154
45,VEHICLE AND TRAFFIC LAWS              ,75,67,106,176,454
45,MISD. CRIMINAL MISCHIEF & RELATED OFFENSES  ,547,538,424,362,317
45,CRIMINAL TRESPASS,29,12,18,21,16
45,UNAUTHORIZED USE OF A VEHICLE           ,8,14,15,22,21
45,OFFENSES AGAINST THE PERSON (7)      ,23,15,10,13,18
45,OFFENSES AGAINST PUBLIC ADMINISTRATION (2),136,87,77,84,90
45,ADMINISTRATIVE CODE (6)            ,12,8,7,7,2
45,FRAUDS (3)                    ,20,16,31,48,66
45,AGGRAVATED HARASSMENT 2               ,277,226,265,288,280
45,OTHER MISDEMEANORS (8),187,146,159,229,203
45,TOTAL MISDEMEANOR OFFENSES,3276,2557,2721,3101,3704
46,MISDEMEANOR POSSESSION OF STOLEN PROPERTY            ,5,10,13,13,76
46,MISDEMEANOR SEX CRIMES (4),127,79,102,126,139
46,MISDEMEANOR DANGEROUS DRUGS  (1),508,343,112,258,280
46,MISDEMEANOR DANGEROUS WEAPONS (5)               ,37,24,34,45,72
46,PETIT LARCENY                         ,1238,1119,1201,1320,1039
46,ASSAULT 3 AND RELATED OFFENSES        ,1103,880,877,1062,1209
46,INTOXICATED & IMPAIRED DRIVING              ,25,14,15,31,56
46,VEHICLE AND TRAFFIC LAWS              ,121,188,217,313,629
46,MISD. CRIMINAL MISCHIEF & RELATED OFFENSES  ,793,834,696,553,596
46,CRIMINAL TRESPASS,26,29,21,30,18
46,UNAUTHORIZED USE OF A VEHICLE           ,10,11,10,27,17
46,OFFENSES AGAINST THE PERSON (7)      ,30,27,36,41,111
46,OFFENSES AGAINST PUBLIC ADMINISTRATION (2),190,141,144,137,245
46,ADMINISTRATIVE CODE (6)            ,35,31,14,10,13
46,FRAUDS (3)                    ,46,53,54,229,326
46,AGGRAVATED HARASSMENT 2               ,383,270,243,256,271
46,OTHER MISDEMEANORS (8),620,478,518,645,775
46,TOTAL MISDEMEANOR OFFENSES,5297,4531,4307,5096,5872
47,MISDEMEANOR POSSESSION OF STOLEN PROPERTY            ,15,9,12,5,13
47,MISDEMEANOR SEX CRIMES (4),101,80,104,117,156
47,MISDEMEANOR DANGEROUS DRUGS  (1),212,81,51,13,26
47,MISDEMEANOR DANGEROUS WEAPONS (5)               ,52,21,28,23,35
47,PETIT LARCENY                         ,1144,1002,1110,1513,1327
47,ASSAULT 3 AND RELATED OFFENSES        ,1111,1025,960,873,1011
47,INTOXICATED & IMPAIRED DRIVING              ,153,84,98,51,40
47,VEHICLE AND TRAFFIC LAWS              ,155,159,211,251,373
47,MISD. CRIMINAL MISCHIEF & RELATED OFFENSES  ,1074,980,923,709,607
47,CRIMINAL TRESPASS,98,50,30,52,45
47,UNAUTHORIZED USE OF A VEHICLE           ,23,24,28,28,34
47,OFFENSES AGAINST THE PERSON (7)      ,23,17,19,19,15
47,OFFENSES AGAINST PUBLIC ADMINISTRATION (2),268,214,285,318,238
47,ADMINISTRATIVE CODE (6)            ,45,39,42,30,17
47,FRAUDS (3)                    ,68,47,59,92,136
47,AGGRAVATED HARASSMENT 2               ,394,391,409,494,387
47,OTHER MISDEMEANORS (8),528,454,532,608,710
47,TOTAL MISDEMEANOR OFFENSES,5464,4677,4901,5196,5170
48,MISDEMEANOR POSSESSION OF STOLEN PROPERTY            ,10,8,6,18,17
48,MISDEMEANOR SEX CRIMES (4),76,59,74,82,149
48,MISDEMEANOR DANGEROUS DRUGS  (1),189,97,58,28,36
48,MISDEMEANOR DANGEROUS WEAPONS (5)               ,86,32,24,28,38
48,PETIT LARCENY                         ,1093,1041,924,1241,1057
48,ASSAULT 3 AND RELATED OFFENSES        ,946,804,783,894,954
48,INTOXICATED & IMPAIRED DRIVING              ,23,20,19,26,25
48,VEHICLE AND TRAFFIC LAWS              ,83,116,138,267,512
48,MISD. CRIMINAL MISCHIEF & RELATED OFFENSES  ,669,617,584,500,504
48,CRIMINAL TRESPASS,57,38,13,14,29
48,UNAUTHORIZED USE OF A VEHICLE           ,20,23,21,17,15
48,OFFENSES AGAINST THE PERSON (7)      ,15,22,14,7,20
48,OFFENSES AGAINST PUBLIC ADMINISTRATION (2),163,187,185,239,198
48,ADMINISTRATIVE CODE (6)            ,24,16,6,7,8
48,FRAUDS (3)                    ,37,17,81,185,132
48,AGGRAVATED HARASSMENT 2               ,344,326,387,365,385
48,OTHER MISDEMEANORS (8),350,339,343,379,474
48,TOTAL MISDEMEANOR OFFENSES,4185,3762,3660,4297,4553
49,MISDEMEANOR POSSESSION OF STOLEN PROPERTY            ,9,8,6,10,6
49,MISDEMEANOR SEX CRIMES (4),60,47,68,83,135
49,MISDEMEANOR DANGEROUS DRUGS  (1),76,26,8,12,9
49,MISDEMEANOR DANGEROUS WEAPONS (5)               ,41,22,25,32,24
49,PETIT LARCENY                         ,1015,1156,1044,1412,1653
49,ASSAULT 3 AND RELATED OFFENSES        ,585,424,413,533,543
49,INTOXICATED & IMPAIRED DRIVING              ,53,27,23,29,34
49,VEHICLE AND TRAFFIC LAWS              ,342,177,208,253,252
49,MISD. CRIMINAL MISCHIEF & RELATED OFFENSES  ,685,618,453,412,422
49,CRIMINAL TRESPASS,66,30,23,27,34
49,UNAUTHORIZED USE OF A VEHICLE           ,22,37,28,33,37
49,OFFENSES AGAINST THE PERSON (7)      ,27,8,11,15,30
49,OFFENSES AGAINST PUBLIC ADMINISTRATION (2),72,47,48,46,56
49,ADMINISTRATIVE CODE (6)            ,28,22,15,15,12
49,FRAUDS (3)                    ,22,14,52,80,54
49,AGGRAVATED HARASSMENT 2               ,244,210,215,207,249
49,OTHER MISDEMEANORS (8),279,167,188,268,282
49,TOTAL MISDEMEANOR OFFENSES,3626,3040,2828,3467,3832
50,MISDEMEANOR POSSESSION OF STOLEN PROPERTY            ,4,2,8,3,17
50,MISDEMEANOR SEX CRIMES (4),32,25,33,43,39
50,MISDEMEANOR DANGEROUS DRUGS  (1),41,15,23,26,7
50,MISDEMEANOR DANGEROUS WEAPONS (5)               ,6,8,14,18,14
50,PETIT LARCENY                         ,1019,1050,909,1196,1179
50,ASSAULT 3 AND RELATED OFFENSES        ,285,261,298,343,319
50,INTOXICATED & IMPAIRED DRIVING              ,17,9,18,24,24
50,VEHICLE AND TRAFFIC LAWS              ,60,68,68,131,222
50,MISD. CRIMINAL MISCHIEF & RELATED OFFENSES  ,428,384,374,278,276
50,CRIMINAL TRESPASS,21,18,20,26,14
50,UNAUTHORIZED USE OF A VEHICLE           ,21,18,20,30,21
50,OFFENSES AGAINST THE PERSON (7)      ,7,1,9,22,13
50,OFFENSES AGAINST PUBLIC ADMINISTRATION (2),92,64,80,86,73
50,ADMINISTRATIVE CODE (6)            ,19,7,6,10,9
50,FRAUDS (3)                    ,18,35,77,63,90
50,AGGRAVATED HARASSMENT 2               ,282,209,213,292,250
50,OTHER MISDEMEANORS (8),143,141,159,182,168
50,TOTAL MISDEMEANOR OFFENSES,2495,2315,2329,2773,2735
52,MISDEMEANOR POSSESSION OF STOLEN PROPERTY            ,10,8,3,8,17
52,MISDEMEANOR SEX CRIMES (4),102,74,103,110,130
52,MISDEMEANOR DANGEROUS DRUGS  (1),378,204,142,164,220
52,MISDEMEANOR DANGEROUS WEAPONS (5)               ,92,33,32,43,30
52,PETIT LARCENY                         ,1905,1509,1565,2600,2529
52,ASSAULT 3 AND RELATED OFFENSES        ,1021,778,790,795,840
52,INTOXICATED & IMPAIRED DRIVING              ,118,61,55,80,86
52,VEHICLE AND TRAFFIC LAWS              ,139,135,171,214,337
52,MISD. CRIMINAL MISCHIEF & RELATED OFFENSES  ,732,816,669,478,429
52,CRIMINAL TRESPASS,34,32,10,7,22
52,UNAUTHORIZED USE OF A VEHICLE           ,12,12,14,13,15
52,OFFENSES AGAINST THE PERSON (7)      ,41,36,24,34,35
52,OFFENSES AGAINST PUBLIC ADMINISTRATION (2),191,131,170,189,137
52,ADMINISTRATIVE CODE (6)            ,35,28,17,11,4
52,FRAUDS (3)                    ,34,41,54,82,66
52,AGGRAVATED HARASSMENT 2               ,376,273,245,302,341
52,OTHER MISDEMEANORS (8),455,379,419,446,567
52,TOTAL MISDEMEANOR OFFENSES,5675,4550,4483,5576,5805
60,MISDEMEANOR POSSESSION OF STOLEN PROPERTY            ,9,6,6,2,10
60,MISDEMEANOR SEX CRIMES (4),96,43,45,55,79
60,MISDEMEANOR DANGEROUS DRUGS  (1),141,89,67,47,98
60,MISDEMEANOR DANGEROUS WEAPONS (5)               ,28,14,30,31,39
60,PETIT LARCENY                         ,972,1037,896,1212,1010
60,ASSAULT 3 AND RELATED OFFENSES        ,549,431,482,557,620
60,INTOXICATED & IMPAIRED DRIVING              ,76,40,36,33,29
60,VEHICLE AND TRAFFIC LAWS              ,58,48,72,102,246
60,MISD. CRIMINAL MISCHIEF & RELATED OFFENSES  ,536,479,549,514,425
60,CRIMINAL TRESPASS,72,40,48,81,46
60,UNAUTHORIZED USE OF A VEHICLE           ,27,26,17,18,17
60,OFFENSES AGAINST THE PERSON (7)      ,13,15,6,9,17
60,OFFENSES AGAINST PUBLIC ADMINISTRATION (2),105,36,23,37,70
60,ADMINISTRATIVE CODE (6)            ,6,6,9,9,4
60,FRAUDS (3)                    ,31,29,28,29,43
60,AGGRAVATED HARASSMENT 2               ,222,228,220,271,232
60,OTHER MISDEMEANORS (8),273,153,223,295,467
60,TOTAL MISDEMEANOR OFFENSES,3214,2720,2757,3302,3452
61,MISDEMEANOR POSSESSION OF STOLEN PROPERTY            ,4,2,2,2,5
61,MISDEMEANOR SEX CRIMES (4),63,36,64,69,64
61,MISDEMEANOR DANGEROUS DRUGS  (1),59,25,29,32,37
61,MISDEMEANOR DANGEROUS WEAPONS (5)               ,19,10,18,8,14
61,PETIT LARCENY                         ,1100,1129,1099,1601,1266
61,ASSAULT 3 AND RELATED OFFENSES        ,455,330,354,419,414
61,INTOXICATED & IMPAIRED DRIVING              ,90,39,60,34,39
61,VEHICLE AND TRAFFIC LAWS              ,119,94,113,141,243
61,MISD. CRIMINAL MISCHIEF & RELATED OFFENSES  ,323,275,272,286,261
61,CRIMINAL TRESPASS,72,34,29,44,25
61,UNAUTHORIZED USE OF A VEHICLE           ,25,24,11,11,31
61,OFFENSES AGAINST THE PERSON (7)      ,6,6,7,8,11
61,OFFENSES AGAINST PUBLIC ADMINISTRATION (2),55,59,38,55,32
61,ADMINISTRATIVE CODE (6)            ,7,12,3,9,3
61,FRAUDS (3)                    ,33,24,36,83,98
61,AGGRAVATED HARASSMENT 2               ,224,164,214,218,193
61,OTHER MISDEMEANORS (8),133,111,146,140,233
61,TOTAL MISDEMEANOR OFFENSES,2787,2374,2495,3160,2969
62,MISDEMEANOR POSSESSION OF STOLEN PROPERTY            ,9,1,3,2,13
62,MISDEMEANOR SEX CRIMES (4),63,54,94,76,106
62,MISDEMEANOR DANGEROUS DRUGS  (1),56,29,49,34,40
62,MISDEMEANOR DANGEROUS WEAPONS (5)               ,9,8,12,15,23
62,PETIT LARCENY                         ,1273,1217,1272,1884,1689
62,ASSAULT 3 AND RELATED OFFENSES        ,470,347,452,463,633
62,INTOXICATED & IMPAIRED DRIVING              ,60,37,58,27,53
62,VEHICLE AND TRAFFIC LAWS              ,61,66,110,131,199
62,MISD. CRIMINAL MISCHIEF & RELATED OFFENSES  ,420,417,314,303,279
62,CRIMINAL TRESPASS,63,37,39,31,25
62,UNAUTHORIZED USE OF A VEHICLE           ,29,32,16,18,27
62,OFFENSES AGAINST THE PERSON (7)      ,10,9,17,13,15
62,OFFENSES AGAINST PUBLIC ADMINISTRATION (2),54,53,31,41,41
62,ADMINISTRATIVE CODE (6)            ,18,14,9,16,6
62,FRAUDS (3)                    ,27,34,91,76,80
62,AGGRAVATED HARASSMENT 2               ,275,205,172,160,249
62,OTHER MISDEMEANORS (8),183,125,199,207,213
62,TOTAL MISDEMEANOR OFFENSES,3080,2685,2938,3497,3691
63,MISDEMEANOR POSSESSION OF STOLEN PROPERTY            ,5,1,1,4,9
63,MISDEMEANOR SEX CRIMES (4),63,21,40,43,50
63,MISDEMEANOR DANGEROUS DRUGS  (1),19,7,7,6,18
63,MISDEMEANOR DANGEROUS WEAPONS (5)               ,11,10,10,17,21
63,PETIT LARCENY                         ,935,889,821,1153,1322
63,ASSAULT 3 AND RELATED OFFENSES        ,286,221,261,249,283
63,INTOXICATED & IMPAIRED DRIVING              ,49,24,45,37,50
63,VEHICLE AND TRAFFIC LAWS              ,53,50,74,219,427
63,MISD. CRIMINAL MISCHIEF & RELATED OFFENSES  ,309,271,250,259,209
63,CRIMINAL TRESPASS,27,34,36,21,33
63,UNAUTHORIZED USE OF A VEHICLE           ,61,46,33,42,39
63,OFFENSES AGAINST THE PERSON (7)      ,14,13,8,14,13
63,OFFENSES AGAINST PUBLIC ADMINISTRATION (2),51,16,22,23,44
63,ADMINISTRATIVE CODE (6)            ,6,10,5,11,3
63,FRAUDS (3)                    ,25,24,58,63,87
63,AGGRAVATED HARASSMENT 2               ,144,139,197,188,186
63,OTHER MISDEMEANORS (8),99,117,130,124,177
63,TOTAL MISDEMEANOR OFFENSES,2157,1893,1998,2473,2971
66,MISDEMEANOR POSSESSION OF STOLEN PROPERTY            ,7,4,1,9,5
66,MISDEMEANOR SEX CRIMES (4),69,29,71,83,74
66,MISDEMEANOR DANGEROUS DRUGS  (1),12,4,8,11,27
66,MISDEMEANOR DANGEROUS WEAPONS (5)               ,4,3,3,8,13
66,PETIT LARCENY                         ,920,890,896,1112,1052
66,ASSAULT 3 AND RELATED OFFENSES        ,348,307,313,343,352
66,INTOXICATED & IMPAIRED DRIVING              ,64,51,57,45,45
66,VEHICLE AND TRAFFIC LAWS              ,85,63,112,132,218
66,MISD. CRIMINAL MISCHIEF & RELATED OFFENSES  ,282,272,237,285,218
66,CRIMINAL TRESPASS,40,27,26,21,23
66,UNAUTHORIZED USE OF A VEHICLE           ,39,28,11,7,14
66,OFFENSES AGAINST THE PERSON (7)      ,5,8,3,4,5
66,OFFENSES AGAINST PUBLIC ADMINISTRATION (2),39,8,16,19,7
66,ADMINISTRATIVE CODE (6)            ,7,12,5,11,12
66,FRAUDS (3)                    ,8,4,22,103,46
66,AGGRAVATED HARASSMENT 2               ,181,142,123,135,141
66,OTHER MISDEMEANORS (8),102,106,123,141,172
66,TOTAL MISDEMEANOR OFFENSES,2212,1958,2027,2469,2424
67,MISDEMEANOR POSSESSION OF STOLEN PROPERTY            ,9,3,6,6,5
67,MISDEMEANOR SEX CRIMES (4),102,75,87,104,99
67,MISDEMEANOR DANGEROUS DRUGS  (1),136,99,26,14,30
67,MISDEMEANOR DANGEROUS WEAPONS (5)               ,25,13,20,37,39
67,PETIT LARCENY                         ,1191,857,923,1145,1155
67,ASSAULT 3 AND RELATED OFFENSES        ,835,568,676,743,769
67,INTOXICATED & IMPAIRED DRIVING              ,63,27,51,36,30
67,VEHICLE AND TRAFFIC LAWS              ,174,168,239,407,674
67,MISD. CRIMINAL MISCHIEF & RELATED OFFENSES  ,606,485,430,435,409
67,CRIMINAL TRESPASS,138,33,25,37,28
67,UNAUTHORIZED USE OF A VEHICLE           ,32,30,39,33,43
67,OFFENSES AGAINST THE PERSON (7)      ,20,16,19,16,26
67,OFFENSES AGAINST PUBLIC ADMINISTRATION (2),115,46,44,43,75
67,ADMINISTRATIVE CODE (6)            ,32,23,24,25,42
67,FRAUDS (3)                    ,74,92,108,42,96
67,AGGRAVATED HARASSMENT 2               ,316,241,310,331,345
67,OTHER MISDEMEANORS (8),471,326,369,446,539
67,TOTAL MISDEMEANOR OFFENSES,4339,3102,3396,3900,4404
68,MISDEMEANOR POSSESSION OF STOLEN PROPERTY            ,12,10,7,7,9
68,MISDEMEANOR SEX CRIMES (4),48,42,43,47,53
68,MISDEMEANOR DANGEROUS DRUGS  (1),78,81,78,34,19
68,MISDEMEANOR DANGEROUS WEAPONS (5)               ,19,56,43,18,20
68,PETIT LARCENY                         ,975,1017,1134,1889,1564
68,ASSAULT 3 AND RELATED OFFENSES        ,295,233,262,323,395
68,INTOXICATED & IMPAIRED DRIVING              ,140,81,57,61,64
68,VEHICLE AND TRAFFIC LAWS              ,47,60,71,147,413
68,MISD. CRIMINAL MISCHIEF & RELATED OFFENSES  ,367,272,310,288,296
68,CRIMINAL TRESPASS,46,35,28,28,27
68,UNAUTHORIZED USE OF A VEHICLE           ,26,10,16,12,9
68,OFFENSES AGAINST THE PERSON (7)      ,6,10,9,8,11
68,OFFENSES AGAINST PUBLIC ADMINISTRATION (2),61,18,24,28,42
68,ADMINISTRATIVE CODE (6)            ,3,1,3,3,1
68,FRAUDS (3)                    ,33,34,105,99,92
68,AGGRAVATED HARASSMENT 2               ,165,108,139,120,128
68,OTHER MISDEMEANORS (8),129,100,95,138,158
68,TOTAL MISDEMEANOR OFFENSES,2450,2168,2424,3250,3301
69,MISDEMEANOR POSSESSION OF STOLEN PROPERTY            ,13,3,8,19,9
69,MISDEMEANOR SEX CRIMES (4),50,34,33,47,51
69,MISDEMEANOR DANGEROUS DRUGS  (1),36,30,17,5,23
69,MISDEMEANOR DANGEROUS WEAPONS (5)               ,13,4,10,17,38
69,PETIT LARCENY                         ,603,472,444,567,542
69,ASSAULT 3 AND RELATED OFFENSES        ,379,321,317,383,378
69,INTOXICATED & IMPAIRED DRIVING              ,55,30,38,31,18
69,VEHICLE AND TRAFFIC LAWS              ,60,60,124,200,313
69,MISD. CRIMINAL MISCHIEF & RELATED OFFENSES  ,391,330,342,202,265
69,CRIMINAL TRESPASS,35,15,19,26,19
69,UNAUTHORIZED USE OF A VEHICLE           ,63,32,16,14,36
69,OFFENSES AGAINST THE PERSON (7)      ,10,14,11,11,11
69,OFFENSES AGAINST PUBLIC ADMINISTRATION (2),57,12,33,51,52
69,ADMINISTRATIVE CODE (6)            ,12,19,12,13,26
69,FRAUDS (3)                    ,20,17,88,54,41
69,AGGRAVATED HARASSMENT 2               ,267,192,234,208,209
69,OTHER MISDEMEANORS (8),164,160,159,225,179
69,TOTAL MISDEMEANOR OFFENSES,2228,1745,1905,2073,2210
70,MISDEMEANOR POSSESSION OF STOLEN PROPERTY            ,11,0,4,7,8
70,MISDEMEANOR SEX CRIMES (4),83,63,62,84,115
70,MISDEMEANOR DANGEROUS DRUGS  (1),91,96,14,16,40
70,MISDEMEANOR DANGEROUS WEAPONS (5)               ,19,7,14,23,27
70,PETIT LARCENY                         ,1507,1395,1408,1586,1820
70,ASSAULT 3 AND RELATED OFFENSES        ,638,555,579,573,620
70,INTOXICATED & IMPAIRED DRIVING              ,89,38,23,34,23
70,VEHICLE AND TRAFFIC LAWS              ,108,103,156,178,315
70,MISD. CRIMINAL MISCHIEF & RELATED OFFENSES  ,445,400,403,263,271
70,CRIMINAL TRESPASS,44,28,27,28,22
70,UNAUTHORIZED USE OF A VEHICLE           ,24,18,10,11,23
70,OFFENSES AGAINST THE PERSON (7)      ,16,11,14,10,11
70,OFFENSES AGAINST PUBLIC ADMINISTRATION (2),59,49,40,68,130
70,ADMINISTRATIVE CODE (6)            ,15,7,7,11,19
70,FRAUDS (3)                    ,52,32,28,29,43
70,AGGRAVATED HARASSMENT 2               ,335,255,308,313,266
70,OTHER MISDEMEANORS (8),228,221,230,245,276
70,TOTAL MISDEMEANOR OFFENSES,3764,3278,3327,3479,4029
71,MISDEMEANOR POSSESSION OF STOLEN PROPERTY            ,6,4,5,2,15
71,MISDEMEANOR SEX CRIMES (4),72,47,71,72,76
71,MISDEMEANOR DANGEROUS DRUGS  (1),70,31,13,17,15
71,MISDEMEANOR DANGEROUS WEAPONS (5)               ,15,3,13,22,34
71,PETIT LARCENY                         ,1018,1078,1101,1111,1120
71,ASSAULT 3 AND RELATED OFFENSES        ,506,371,478,555,513
71,INTOXICATED & IMPAIRED DRIVING              ,47,20,29,39,36
71,VEHICLE AND TRAFFIC LAWS              ,106,100,119,235,409
71,MISD. CRIMINAL MISCHIEF & RELATED OFFENSES  ,403,487,387,349,344
71,CRIMINAL TRESPASS,58,34,23,37,30
71,UNAUTHORIZED USE OF A VEHICLE           ,21,11,17,16,22
71,OFFENSES AGAINST THE PERSON (7)      ,12,10,14,11,14
71,OFFENSES AGAINST PUBLIC ADMINISTRATION (2),97,63,54,43,60
71,ADMINISTRATIVE CODE (6)            ,16,16,17,22,14
71,FRAUDS (3)                    ,26,23,158,90,120
71,AGGRAVATED HARASSMENT 2               ,298,198,285,259,202
71,OTHER MISDEMEANORS (8),223,173,230,276,261
71,TOTAL MISDEMEANOR OFFENSES,2994,2669,3014,3156,3285
72,MISDEMEANOR POSSESSION OF STOLEN PROPERTY            ,6,7,10,7,8
72,MISDEMEANOR SEX CRIMES (4),81,50,42,64,92
72,MISDEMEANOR DANGEROUS DRUGS  (1),125,71,65,74,122
72,MISDEMEANOR DANGEROUS WEAPONS (5)               ,12,13,23,26,52
72,PETIT LARCENY                         ,948,1044,965,1357,1235
72,ASSAULT 3 AND RELATED OFFENSES        ,489,434,459,449,523
72,INTOXICATED & IMPAIRED DRIVING              ,161,84,50,56,51
72,VEHICLE AND TRAFFIC LAWS              ,72,74,97,155,269
72,MISD. CRIMINAL MISCHIEF & RELATED OFFENSES  ,368,425,376,221,258
72,CRIMINAL TRESPASS,70,90,29,48,27
72,UNAUTHORIZED USE OF A VEHICLE           ,22,16,8,13,8
72,OFFENSES AGAINST THE PERSON (7)      ,21,11,14,8,19
72,OFFENSES AGAINST PUBLIC ADMINISTRATION (2),53,39,19,25,52
72,ADMINISTRATIVE CODE (6)            ,3,8,5,4,4
72,FRAUDS (3)                    ,13,17,43,29,63
72,AGGRAVATED HARASSMENT 2               ,218,125,186,194,158
72,OTHER MISDEMEANORS (8),285,193,237,278,347
72,TOTAL MISDEMEANOR OFFENSES,2947,2701,2628,3008,3288
73,MISDEMEANOR POSSESSION OF STOLEN PROPERTY            ,15,6,8,15,18
73,MISDEMEANOR SEX CRIMES (4),117,94,108,120,127
73,MISDEMEANOR DANGEROUS DRUGS  (1),196,48,43,59,162
73,MISDEMEANOR DANGEROUS WEAPONS (5)               ,59,40,17,111,190
73,PETIT LARCENY                         ,993,856,819,1147,1099
73,ASSAULT 3 AND RELATED OFFENSES        ,1042,809,863,949,950
73,INTOXICATED & IMPAIRED DRIVING              ,62,41,40,28,34
73,VEHICLE AND TRAFFIC LAWS              ,153,143,177,240,420
73,MISD. CRIMINAL MISCHIEF & RELATED OFFENSES  ,645,682,688,675,625
73,CRIMINAL TRESPASS,106,33,27,65,113
73,UNAUTHORIZED USE OF A VEHICLE           ,25,27,22,18,37
73,OFFENSES AGAINST THE PERSON (7)      ,40,18,28,26,18
73,OFFENSES AGAINST PUBLIC ADMINISTRATION (2),134,72,98,95,226
73,ADMINISTRATIVE CODE (6)            ,8,13,16,17,11
73,FRAUDS (3)                    ,65,32,52,49,93
73,AGGRAVATED HARASSMENT 2               ,516,367,420,430,413
73,OTHER MISDEMEANORS (8),507,365,385,638,774
73,TOTAL MISDEMEANOR OFFENSES,4683,3646,3811,4682,5310
75,MISDEMEANOR POSSESSION OF STOLEN PROPERTY            ,11,16,23,26,41
75,MISDEMEANOR SEX CRIMES (4),152,125,134,153,207
75,MISDEMEANOR DANGEROUS DRUGS  (1),189,82,48,45,123
75,MISDEMEANOR DANGEROUS WEAPONS (5)               ,29,23,23,59,59
75,PETIT LARCENY                         ,2266,1998,2401,2887,2307
75,ASSAULT 3 AND RELATED OFFENSES        ,1154,898,1071,1262,1275
75,INTOXICATED & IMPAIRED DRIVING              ,82,41,57,59,107
75,VEHICLE AND TRAFFIC LAWS              ,239,245,256,542,1061
75,MISD. CRIMINAL MISCHIEF & RELATED OFFENSES  ,1183,1153,1047,1289,1023
75,CRIMINAL TRESPASS,93,39,22,68,84
75,UNAUTHORIZED USE OF A VEHICLE           ,44,37,27,29,41
75,OFFENSES AGAINST THE PERSON (7)      ,26,18,17,25,35
75,OFFENSES AGAINST PUBLIC ADMINISTRATION (2),143,123,153,210,190
75,ADMINISTRATIVE CODE (6)            ,48,46,39,49,27
75,FRAUDS (3)                    ,62,45,67,100,181
75,AGGRAVATED HARASSMENT 2               ,526,493,561,805,584
75,OTHER MISDEMEANORS (8),620,416,513,736,945
75,TOTAL MISDEMEANOR OFFENSES,6867,5798,6459,8344,8290
76,MISDEMEANOR POSSESSION OF STOLEN PROPERTY            ,10,5,4,3,4
76,MISDEMEANOR SEX CRIMES (4),28,13,24,19,22
76,MISDEMEANOR DANGEROUS DRUGS  (1),77,35,39,58,63
76,MISDEMEANOR DANGEROUS WEAPONS (5)               ,13,5,3,3,17
76,PETIT LARCENY                         ,431,437,357,457,589
76,ASSAULT 3 AND RELATED OFFENSES        ,162,115,162,169,153
76,INTOXICATED & IMPAIRED DRIVING              ,59,21,14,29,32
76,VEHICLE AND TRAFFIC LAWS              ,39,38,29,62,209
76,MISD. CRIMINAL MISCHIEF & RELATED OFFENSES  ,226,206,152,139,170
76,CRIMINAL TRESPASS,43,15,22,37,38
76,UNAUTHORIZED USE OF A VEHICLE           ,10,7,9,6,5
76,OFFENSES AGAINST THE PERSON (7)      ,3,1,4,1,11
76,OFFENSES AGAINST PUBLIC ADMINISTRATION (2),37,10,14,17,48
76,ADMINISTRATIVE CODE (6)            ,3,0,0,2,2
76,FRAUDS (3)                    ,15,7,26,19,17
76,AGGRAVATED HARASSMENT 2               ,84,95,59,94,91
76,OTHER MISDEMEANORS (8),102,45,61,77,85
76,TOTAL MISDEMEANOR OFFENSES,1342,1055,979,1192,1556
77,MISDEMEANOR POSSESSION OF STOLEN PROPERTY            ,15,6,2,5,5
77,MISDEMEANOR SEX CRIMES (4),91,86,87,103,120
77,MISDEMEANOR DANGEROUS DRUGS  (1),148,50,20,19,34
77,MISDEMEANOR DANGEROUS WEAPONS (5)               ,10,15,7,24,19
77,PETIT LARCENY                         ,890,891,693,897,785
77,ASSAULT 3 AND RELATED OFFENSES        ,564,426,384,499,549
77,INTOXICATED & IMPAIRED DRIVING              ,41,26,23,23,22
77,VEHICLE AND TRAFFIC LAWS              ,97,114,179,179,278
77,MISD. CRIMINAL MISCHIEF & RELATED OFFENSES  ,406,546,368,326,268
77,CRIMINAL TRESPASS,50,30,15,35,59
77,UNAUTHORIZED USE OF A VEHICLE           ,15,14,10,12,15
77,OFFENSES AGAINST THE PERSON (7)      ,15,9,4,7,11
77,OFFENSES AGAINST PUBLIC ADMINISTRATION (2),96,48,43,57,63
77,ADMINISTRATIVE CODE (6)            ,16,16,25,17,17
77,FRAUDS (3)                    ,26,13,28,15,29
77,AGGRAVATED HARASSMENT 2               ,297,246,280,283,283
77,OTHER MISDEMEANORS (8),287,226,250,334,379
77,TOTAL MISDEMEANOR OFFENSES,3064,2762,2418,2835,2936
78,MISDEMEANOR POSSESSION OF STOLEN PROPERTY            ,4,4,2,3,5
78,MISDEMEANOR SEX CRIMES (4),45,26,44,57,46
78,MISDEMEANOR DANGEROUS DRUGS  (1),30,36,8,16,13
78,MISDEMEANOR DANGEROUS WEAPONS (5)               ,3,8,9,6,13
78,PETIT LARCENY                         ,1131,923,1013,1383,1391
78,ASSAULT 3 AND RELATED OFFENSES        ,265,183,251,314,294
78,INTOXICATED & IMPAIRED DRIVING              ,34,20,23,26,30
78,VEHICLE AND TRAFFIC LAWS              ,40,42,57,135,143
78,MISD. CRIMINAL MISCHIEF & RELATED OFFENSES  ,211,306,259,209,177
78,CRIMINAL TRESPASS,29,28,23,38,26
78,UNAUTHORIZED USE OF A VEHICLE           ,12,15,11,17,20
78,OFFENSES AGAINST THE PERSON (7)      ,4,3,5,6,7
78,OFFENSES AGAINST PUBLIC ADMINISTRATION (2),39,23,21,23,46
78,ADMINISTRATIVE CODE (6)            ,0,1,0,2,1
78,FRAUDS (3)                    ,5,2,18,13,39
78,AGGRAVATED HARASSMENT 2               ,156,117,150,160,131
78,OTHER MISDEMEANORS (8),170,97,115,183,204
78,TOTAL MISDEMEANOR OFFENSES,2178,1834,2009,2591,2586
79,MISDEMEANOR POSSESSION OF STOLEN PROPERTY            ,15,5,11,6,11
79,MISDEMEANOR SEX CRIMES (4),96,86,82,74,83
79,MISDEMEANOR DANGEROUS DRUGS  (1),152,83,40,101,164
79,MISDEMEANOR DANGEROUS WEAPONS (5)               ,17,20,18,15,51
79,PETIT LARCENY                         ,1478,1491,1313,1635,1465
79,ASSAULT 3 AND RELATED OFFENSES        ,637,554,524,666,648
79,INTOXICATED & IMPAIRED DRIVING              ,46,26,29,52,51
79,VEHICLE AND TRAFFIC LAWS              ,84,111,122,173,364
79,MISD. CRIMINAL MISCHIEF & RELATED OFFENSES  ,589,605,493,447,408
79,CRIMINAL TRESPASS,88,122,73,84,114
79,UNAUTHORIZED USE OF A VEHICLE           ,11,18,17,8,10
79,OFFENSES AGAINST THE PERSON (7)      ,33,15,18,20,16
79,OFFENSES AGAINST PUBLIC ADMINISTRATION (2),99,82,88,80,103
79,ADMINISTRATIVE CODE (6)            ,17,6,9,10,7
79,FRAUDS (3)                    ,49,17,50,35,103
79,AGGRAVATED HARASSMENT 2               ,309,292,282,233,256
79,OTHER MISDEMEANORS (8),375,325,302,347,444
79,TOTAL MISDEMEANOR OFFENSES,4095,3858,3471,3986,4298
81,MISDEMEANOR POSSESSION OF STOLEN PROPERTY            ,5,3,8,9,20
81,MISDEMEANOR SEX CRIMES (4),59,46,53,51,50
81,MISDEMEANOR DANGEROUS DRUGS  (1),104,41,54,30,32
81,MISDEMEANOR DANGEROUS WEAPONS (5)               ,6,12,8,23,34
81,PETIT LARCENY                         ,837,777,614,884,837
81,ASSAULT 3 AND RELATED OFFENSES        ,409,365,367,417,497
81,INTOXICATED & IMPAIRED DRIVING              ,32,38,22,35,21
81,VEHICLE AND TRAFFIC LAWS              ,98,81,123,129,206
81,MISD. CRIMINAL MISCHIEF & RELATED OFFENSES  ,461,394,278,233,213
81,CRIMINAL TRESPASS,54,24,19,30,35
81,UNAUTHORIZED USE OF A VEHICLE           ,13,17,10,12,23
81,OFFENSES AGAINST THE PERSON (7)      ,15,7,12,8,9
81,OFFENSES AGAINST PUBLIC ADMINISTRATION (2),38,34,45,68,63
81,ADMINISTRATIVE CODE (6)            ,17,8,12,14,15
81,FRAUDS (3)                    ,17,27,56,47,31
81,AGGRAVATED HARASSMENT 2               ,215,203,202,166,181
81,OTHER MISDEMEANORS (8),214,174,169,216,306
81,TOTAL MISDEMEANOR OFFENSES,2594,2251,2052,2372,2573
83,MISDEMEANOR POSSESSION OF STOLEN PROPERTY            ,8,5,15,8,18
83,MISDEMEANOR SEX CRIMES (4),83,68,51,88,130
83,MISDEMEANOR DANGEROUS DRUGS  (1),183,49,129,67,87
83,MISDEMEANOR DANGEROUS WEAPONS (5)               ,17,6,11,33,22
83,PETIT LARCENY                         ,1124,1186,974,1055,1006
83,ASSAULT 3 AND RELATED OFFENSES        ,663,483,530,587,693
83,INTOXICATED & IMPAIRED DRIVING              ,31,21,36,56,62
83,VEHICLE AND TRAFFIC LAWS              ,88,127,163,221,262
83,MISD. CRIMINAL MISCHIEF & RELATED OFFENSES  ,573,558,449,582,401
83,CRIMINAL TRESPASS,69,50,39,41,52
83,UNAUTHORIZED USE OF A VEHICLE           ,14,22,21,14,28
83,OFFENSES AGAINST THE PERSON (7)      ,16,8,12,14,18
83,OFFENSES AGAINST PUBLIC ADMINISTRATION (2),93,47,51,92,93
83,ADMINISTRATIVE CODE (6)            ,17,20,19,13,9
83,FRAUDS (3)                    ,59,23,43,18,69
83,AGGRAVATED HARASSMENT 2               ,245,200,221,247,201
83,OTHER MISDEMEANORS (8),228,158,173,315,316
83,TOTAL MISDEMEANOR OFFENSES,3511,3031,2937,3451,3467
84,MISDEMEANOR POSSESSION OF STOLEN PROPERTY            ,7,6,7,6,6
84,MISDEMEANOR SEX CRIMES (4),53,27,57,60,61
84,MISDEMEANOR DANGEROUS DRUGS  (1),62,21,19,27,51
84,MISDEMEANOR DANGEROUS WEAPONS (5)               ,25,10,10,25,33
84,PETIT LARCENY                         ,1235,971,1350,1923,2054
84,ASSAULT 3 AND RELATED OFFENSES        ,369,267,277,362,415
84,INTOXICATED & IMPAIRED DRIVING              ,32,25,24,10,22
84,VEHICLE AND TRAFFIC LAWS              ,47,50,64,101,186
84,MISD. CRIMINAL MISCHIEF & RELATED OFFENSES  ,295,371,329,209,249
84,CRIMINAL TRESPASS,46,52,38,31,45
84,UNAUTHORIZED USE OF A VEHICLE           ,16,21,15,14,20
84,OFFENSES AGAINST THE PERSON (7)      ,23,4,10,14,14
84,OFFENSES AGAINST PUBLIC ADMINISTRATION (2),78,42,19,48,67
84,ADMINISTRATIVE CODE (6)            ,1,0,1,4,0
84,FRAUDS (3)                    ,35,14,38,29,23
84,AGGRAVATED HARASSMENT 2               ,177,113,117,130,134
84,OTHER MISDEMEANORS (8),393,160,184,264,361
84,TOTAL MISDEMEANOR OFFENSES,2894,2154,2559,3257,3741
88,MISDEMEANOR POSSESSION OF STOLEN PROPERTY            ,6,4,3,0,9
88,MISDEMEANOR SEX CRIMES (4),38,37,43,41,48
88,MISDEMEANOR DANGEROUS DRUGS  (1),63,28,20,39,66
88,MISDEMEANOR DANGEROUS WEAPONS (5)               ,7,3,9,11,17
88,PETIT LARCENY                         ,755,698,578,755,774
88,ASSAULT 3 AND RELATED OFFENSES        ,356,257,257,372,341
88,INTOXICATED & IMPAIRED DRIVING              ,16,16,16,11,16
88,VEHICLE AND TRAFFIC LAWS              ,60,57,76,112,192
88,MISD. CRIMINAL MISCHIEF & RELATED OFFENSES  ,356,487,463,361,233
88,CRIMINAL TRESPASS,78,24,21,28,57
88,UNAUTHORIZED USE OF A VEHICLE           ,9,7,4,2,8
88,OFFENSES AGAINST THE PERSON (7)      ,13,4,8,10,6
88,OFFENSES AGAINST PUBLIC ADMINISTRATION (2),28,19,28,39,39
88,ADMINISTRATIVE CODE (6)            ,13,1,3,6,2
88,FRAUDS (3)                    ,19,8,22,23,25
88,AGGRAVATED HARASSMENT 2               ,202,169,214,167,162
88,OTHER MISDEMEANORS (8),159,108,127,139,180
88,TOTAL MISDEMEANOR OFFENSES,2178,1927,1892,2116,2175
90,MISDEMEANOR POSSESSION OF STOLEN PROPERTY            ,7,8,5,10,8
90,MISDEMEANOR SEX CRIMES (4),54,49,57,56,57
90,MISDEMEANOR DANGEROUS DRUGS  (1),64,18,31,33,48
90,MISDEMEANOR DANGEROUS WEAPONS (5)               ,15,8,9,29,28
90,PETIT LARCENY                         ,1183,976,1041,1201,1045
90,ASSAULT 3 AND RELATED OFFENSES        ,463,322,381,494,492
90,INTOXICATED & IMPAIRED DRIVING              ,38,24,36,49,74
90,VEHICLE AND TRAFFIC LAWS              ,125,105,159,168,225
90,MISD. CRIMINAL MISCHIEF & RELATED OFFENSES  ,599,533,445,484,426
90,CRIMINAL TRESPASS,88,55,59,36,52
90,UNAUTHORIZED USE OF A VEHICLE           ,25,30,21,17,24
90,OFFENSES AGAINST THE PERSON (7)      ,16,13,5,20,19
90,OFFENSES AGAINST PUBLIC ADMINISTRATION (2),62,40,52,79,66
90,ADMINISTRATIVE CODE (6)            ,10,11,7,4,8
90,FRAUDS (3)                    ,39,26,54,53,52
90,AGGRAVATED HARASSMENT 2               ,188,175,210,199,179
90,OTHER MISDEMEANORS (8),207,174,157,246,305
90,TOTAL MISDEMEANOR OFFENSES,3183,2567,2729,3178,3108
94,MISDEMEANOR POSSESSION OF STOLEN PROPERTY            ,12,3,7,10,10
94,MISDEMEANOR SEX CRIMES (4),42,28,34,32,37
94,MISDEMEANOR DANGEROUS DRUGS  (1),24,6,8,20,18
94,MISDEMEANOR DANGEROUS WEAPONS (5)               ,5,2,5,13,12
94,PETIT LARCENY                         ,730,918,927,1007,912
94,ASSAULT 3 AND RELATED OFFENSES        ,275,195,233,281,242
94,INTOXICATED & IMPAIRED DRIVING              ,23,13,24,35,39
94,VEHICLE AND TRAFFIC LAWS              ,41,43,50,112,138
94,MISD. CRIMINAL MISCHIEF & RELATED OFFENSES  ,276,216,265,217,236
94,CRIMINAL TRESPASS,31,33,16,32,13
94,UNAUTHORIZED USE OF A VEHICLE           ,7,5,7,15,16
94,OFFENSES AGAINST THE PERSON (7)      ,5,3,7,9,7
94,OFFENSES AGAINST PUBLIC ADMINISTRATION (2),20,8,3,23,19
94,ADMINISTRATIVE CODE (6)            ,9,9,6,7,6
94,FRAUDS (3)                    ,16,6,34,43,45
94,AGGRAVATED HARASSMENT 2               ,140,121,141,139,116
94,OTHER MISDEMEANORS (8),98,76,85,110,151
94,TOTAL MISDEMEANOR OFFENSES,1754,1685,1852,2105,2017
100,MISDEMEANOR POSSESSION OF STOLEN PROPERTY            ,5,7,5,4,5
100,MISDEMEANOR SEX CRIMES (4),32,20,21,31,37
100,MISDEMEANOR DANGEROUS DRUGS  (1),32,12,19,17,9
100,MISDEMEANOR DANGEROUS WEAPONS (5)               ,8,3,5,10,12
100,PETIT LARCENY                         ,476,489,389,531,484
100,ASSAULT 3 AND RELATED OFFENSES        ,297,239,192,221,216
100,INTOXICATED & IMPAIRED DRIVING              ,19,13,16,16,12
100,VEHICLE AND TRAFFIC LAWS              ,20,19,24,30,59
100,MISD. CRIMINAL MISCHIEF & RELATED OFFENSES  ,235,220,250,303,212
100,CRIMINAL TRESPASS,41,26,15,19,27
100,UNAUTHORIZED USE OF A VEHICLE           ,14,23,19,13,28
100,OFFENSES AGAINST THE PERSON (7)      ,6,3,9,8,8
100,OFFENSES AGAINST PUBLIC ADMINISTRATION (2),24,18,16,14,20
100,ADMINISTRATIVE CODE (6)            ,6,6,1,6,4
100,FRAUDS (3)                    ,17,9,19,25,22
100,AGGRAVATED HARASSMENT 2               ,115,90,95,89,100
100,OTHER MISDEMEANORS (8),129,90,79,108,130
100,TOTAL MISDEMEANOR OFFENSES,1476,1287,1174,1445,1385
101,MISDEMEANOR POSSESSION OF STOLEN PROPERTY            ,4,2,3,6,7
101,MISDEMEANOR SEX CRIMES (4),72,68,67,76,81
101,MISDEMEANOR DANGEROUS DRUGS  (1),36,52,15,7,25
101,MISDEMEANOR DANGEROUS WEAPONS (5)               ,15,7,8,20,16
101,PETIT LARCENY                         ,558,682,610,592,593
101,ASSAULT 3 AND RELATED OFFENSES        ,466,408,445,379,422
101,INTOXICATED & IMPAIRED DRIVING              ,12,6,11,11,48
101,VEHICLE AND TRAFFIC LAWS              ,30,33,41,84,119
101,MISD. CRIMINAL MISCHIEF & RELATED OFFENSES  ,316,466,375,339,295
101,CRIMINAL TRESPASS,28,20,24,40,27
101,UNAUTHORIZED USE OF A VEHICLE           ,34,26,14,17,12
101,OFFENSES AGAINST THE PERSON (7)      ,6,10,7,4,11
101,OFFENSES AGAINST PUBLIC ADMINISTRATION (2),32,19,29,45,41
101,ADMINISTRATIVE CODE (6)            ,8,12,11,6,10
101,FRAUDS (3)                    ,21,11,17,7,17
101,AGGRAVATED HARASSMENT 2               ,165,139,149,124,132
101,OTHER MISDEMEANORS (8),207,160,165,197,233
101,TOTAL MISDEMEANOR OFFENSES,2010,2121,1991,1954,2089
102,MISDEMEANOR POSSESSION OF STOLEN PROPERTY            ,11,8,4,12,10
102,MISDEMEANOR SEX CRIMES (4),65,59,107,135,166
102,MISDEMEANOR DANGEROUS DRUGS  (1),78,21,20,29,70
102,MISDEMEANOR DANGEROUS WEAPONS (5)               ,13,7,7,13,17
102,PETIT LARCENY                         ,891,976,1079,1695,1378
102,ASSAULT 3 AND RELATED OFFENSES        ,609,442,519,544,577
102,INTOXICATED & IMPAIRED DRIVING              ,65,66,66,51,52
102,VEHICLE AND TRAFFIC LAWS              ,95,105,114,154,237
102,MISD. CRIMINAL MISCHIEF & RELATED OFFENSES  ,562,462,485,474,377
102,CRIMINAL TRESPASS,38,21,24,43,29
102,UNAUTHORIZED USE OF A VEHICLE           ,24,25,17,28,21
102,OFFENSES AGAINST THE PERSON (7)      ,8,3,8,9,11
102,OFFENSES AGAINST PUBLIC ADMINISTRATION (2),40,21,7,27,23
102,ADMINISTRATIVE CODE (6)            ,16,14,17,14,14
102,FRAUDS (3)                    ,21,16,46,23,44
102,AGGRAVATED HARASSMENT 2               ,171,147,137,169,151
102,OTHER MISDEMEANORS (8),177,137,228,210,238
102,TOTAL MISDEMEANOR OFFENSES,2884,2530,2885,3630,3415
103,MISDEMEANOR POSSESSION OF STOLEN PROPERTY            ,8,8,3,11,26
103,MISDEMEANOR SEX CRIMES (4),91,79,144,222,307
103,MISDEMEANOR DANGEROUS DRUGS  (1),242,227,157,156,680
103,MISDEMEANOR DANGEROUS WEAPONS (5)               ,49,20,21,21,50
103,PETIT LARCENY                         ,1170,1092,1216,1472,1627
103,ASSAULT 3 AND RELATED OFFENSES        ,792,609,622,789,974
103,INTOXICATED & IMPAIRED DRIVING              ,48,42,42,46,65
103,VEHICLE AND TRAFFIC LAWS              ,131,106,123,262,708
103,MISD. CRIMINAL MISCHIEF & RELATED OFFENSES  ,568,660,616,616,543
103,CRIMINAL TRESPASS,77,42,43,96,67
103,UNAUTHORIZED USE OF A VEHICLE           ,20,25,21,45,31
103,OFFENSES AGAINST THE PERSON (7)      ,11,15,16,29,20
103,OFFENSES AGAINST PUBLIC ADMINISTRATION (2),195,157,138,189,245
103,ADMINISTRATIVE CODE (6)            ,25,21,14,8,10
103,FRAUDS (3)                    ,25,26,44,70,117
103,AGGRAVATED HARASSMENT 2               ,318,254,231,302,292
103,OTHER MISDEMEANORS (8),495,213,281,383,573
103,TOTAL MISDEMEANOR OFFENSES,4265,3596,3732,4717,6335
104,MISDEMEANOR POSSESSION OF STOLEN PROPERTY            ,8,4,16,12,11
104,MISDEMEANOR SEX CRIMES (4),73,67,72,101,75
104,MISDEMEANOR DANGEROUS DRUGS  (1),71,46,23,14,20
104,MISDEMEANOR DANGEROUS WEAPONS (5)               ,10,7,5,12,26
104,PETIT LARCENY                         ,1208,1477,1401,1502,1293
104,ASSAULT 3 AND RELATED OFFENSES        ,461,462,503,531,486
104,INTOXICATED & IMPAIRED DRIVING              ,78,71,47,54,72
104,VEHICLE AND TRAFFIC LAWS              ,102,115,134,185,253
104,MISD. CRIMINAL MISCHIEF & RELATED OFFENSES  ,515,510,461,382,312
104,CRIMINAL TRESPASS,68,44,47,50,43
104,UNAUTHORIZED USE OF A VEHICLE           ,28,25,30,42,31
104,OFFENSES AGAINST THE PERSON (7)      ,13,12,9,16,19
104,OFFENSES AGAINST PUBLIC ADMINISTRATION (2),121,106,96,67,59
104,ADMINISTRATIVE CODE (6)            ,20,18,17,20,10
104,FRAUDS (3)                    ,30,18,75,33,40
104,AGGRAVATED HARASSMENT 2               ,221,167,193,201,146
104,OTHER MISDEMEANORS (8),161,153,157,202,236
104,TOTAL MISDEMEANOR OFFENSES,3188,3302,3286,3424,3132
105,MISDEMEANOR POSSESSION OF STOLEN PROPERTY            ,7,3,15,21,20
105,MISDEMEANOR SEX CRIMES (4),80,69,70,128,153
105,MISDEMEANOR DANGEROUS DRUGS  (1),54,9,14,13,13
105,MISDEMEANOR DANGEROUS WEAPONS (5)               ,12,13,19,31,55
105,PETIT LARCENY                         ,944,1015,1122,1516,1247
105,ASSAULT 3 AND RELATED OFFENSES        ,692,525,510,640,694
105,INTOXICATED & IMPAIRED DRIVING              ,43,26,29,52,89
105,VEHICLE AND TRAFFIC LAWS              ,194,142,252,307,613
105,MISD. CRIMINAL MISCHIEF & RELATED OFFENSES  ,551,554,521,497,563
105,CRIMINAL TRESPASS,61,44,38,42,52
105,UNAUTHORIZED USE OF A VEHICLE           ,55,62,44,75,83
105,OFFENSES AGAINST THE PERSON (7)      ,10,6,15,11,20
105,OFFENSES AGAINST PUBLIC ADMINISTRATION (2),55,50,38,62,102
105,ADMINISTRATIVE CODE (6)            ,35,34,30,20,29
105,FRAUDS (3)                    ,48,33,152,113,275
105,AGGRAVATED HARASSMENT 2               ,295,267,306,390,362
105,OTHER MISDEMEANORS (8),283,241,240,303,312
105,TOTAL MISDEMEANOR OFFENSES,3419,3093,3415,4221,4682
106,MISDEMEANOR POSSESSION OF STOLEN PROPERTY            ,5,5,4,9,18
106,MISDEMEANOR SEX CRIMES (4),61,47,85,150,220
106,MISDEMEANOR DANGEROUS DRUGS  (1),42,12,7,15,23
106,MISDEMEANOR DANGEROUS WEAPONS (5)               ,10,6,11,17,20
106,PETIT LARCENY                         ,849,856,1003,1368,1311
106,ASSAULT 3 AND RELATED OFFENSES        ,533,444,475,530,531
106,INTOXICATED & IMPAIRED DRIVING              ,51,45,71,70,75
106,VEHICLE AND TRAFFIC LAWS              ,146,126,168,212,315
106,MISD. CRIMINAL MISCHIEF & RELATED OFFENSES  ,407,387,346,304,282
106,CRIMINAL TRESPASS,290,58,81,62,40
106,UNAUTHORIZED USE OF A VEHICLE           ,33,33,29,31,30
106,OFFENSES AGAINST THE PERSON (7)      ,10,8,9,6,14
106,OFFENSES AGAINST PUBLIC ADMINISTRATION (2),72,57,47,51,53
106,ADMINISTRATIVE CODE (6)            ,20,7,17,20,11
106,FRAUDS (3)                    ,27,12,16,9,20
106,AGGRAVATED HARASSMENT 2               ,286,181,196,164,204
106,OTHER MISDEMEANORS (8),241,203,204,263,297
106,TOTAL MISDEMEANOR OFFENSES,3083,2487,2769,3281,3464
107,MISDEMEANOR POSSESSION OF STOLEN PROPERTY            ,8,3,10,13,20
107,MISDEMEANOR SEX CRIMES (4),65,47,68,77,74
107,MISDEMEANOR DANGEROUS DRUGS  (1),29,24,8,9,22
107,MISDEMEANOR DANGEROUS WEAPONS (5)               ,12,10,6,19,18
107,PETIT LARCENY                         ,818,1002,947,1543,1427
107,ASSAULT 3 AND RELATED OFFENSES        ,383,318,330,446,482
107,INTOXICATED & IMPAIRED DRIVING              ,45,21,31,62,75
107,VEHICLE AND TRAFFIC LAWS              ,76,74,105,156,286
107,MISD. CRIMINAL MISCHIEF & RELATED OFFENSES  ,576,562,480,570,465
107,CRIMINAL TRESPASS,45,36,42,41,37
107,UNAUTHORIZED USE OF A VEHICLE           ,41,33,31,38,29
107,OFFENSES AGAINST THE PERSON (7)      ,11,5,3,3,14
107,OFFENSES AGAINST PUBLIC ADMINISTRATION (2),79,49,78,69,55
107,ADMINISTRATIVE CODE (6)            ,10,7,9,8,3
107,FRAUDS (3)                    ,23,39,76,93,83
107,AGGRAVATED HARASSMENT 2               ,243,191,210,208,241
107,OTHER MISDEMEANORS (8),142,141,172,185,196
107,TOTAL MISDEMEANOR OFFENSES,2606,2562,2606,3540,3527
108,MISDEMEANOR POSSESSION OF STOLEN PROPERTY            ,6,5,16,18,7
108,MISDEMEANOR SEX CRIMES (4),82,59,70,92,109
108,MISDEMEANOR DANGEROUS DRUGS  (1),65,13,12,7,10
108,MISDEMEANOR DANGEROUS WEAPONS (5)               ,9,8,5,15,12
108,PETIT LARCENY                         ,841,924,1290,1561,2108
108,ASSAULT 3 AND RELATED OFFENSES        ,447,332,477,552,530
108,INTOXICATED & IMPAIRED DRIVING              ,73,30,37,49,29
108,VEHICLE AND TRAFFIC LAWS              ,97,113,154,178,234
108,MISD. CRIMINAL MISCHIEF & RELATED OFFENSES  ,404,442,481,466,464
108,CRIMINAL TRESPASS,43,22,31,38,39
108,UNAUTHORIZED USE OF A VEHICLE           ,24,19,26,24,13
108,OFFENSES AGAINST THE PERSON (7)      ,12,4,9,11,22
108,OFFENSES AGAINST PUBLIC ADMINISTRATION (2),40,19,26,33,37
108,ADMINISTRATIVE CODE (6)            ,9,4,5,8,3
108,FRAUDS (3)                    ,34,25,68,42,38
108,AGGRAVATED HARASSMENT 2               ,111,66,89,114,108
108,OTHER MISDEMEANORS (8),153,105,179,197,203
108,TOTAL MISDEMEANOR OFFENSES,2450,2190,2975,3405,3966
109,MISDEMEANOR POSSESSION OF STOLEN PROPERTY            ,11,7,6,11,25
109,MISDEMEANOR SEX CRIMES (4),87,65,105,104,132
109,MISDEMEANOR DANGEROUS DRUGS  (1),151,38,28,38,61
109,MISDEMEANOR DANGEROUS WEAPONS (5)               ,15,12,11,10,33
109,PETIT LARCENY                         ,2161,1828,2234,2782,2842
109,ASSAULT 3 AND RELATED OFFENSES        ,592,540,538,700,893
109,INTOXICATED & IMPAIRED DRIVING              ,68,32,30,51,62
109,VEHICLE AND TRAFFIC LAWS              ,123,108,116,211,319
109,MISD. CRIMINAL MISCHIEF & RELATED OFFENSES  ,570,542,525,618,551
109,CRIMINAL TRESPASS,95,38,62,89,82
109,UNAUTHORIZED USE OF A VEHICLE           ,52,43,30,47,50
109,OFFENSES AGAINST THE PERSON (7)      ,11,7,10,15,9
109,OFFENSES AGAINST PUBLIC ADMINISTRATION (2),24,17,27,40,40
109,ADMINISTRATIVE CODE (6)            ,15,10,13,16,15
109,FRAUDS (3)                    ,51,33,102,68,50
109,AGGRAVATED HARASSMENT 2               ,192,117,123,159,168
109,OTHER MISDEMEANORS (8),323,196,255,321,403
109,TOTAL MISDEMEANOR OFFENSES,4541,3633,4215,5280,5735
110,MISDEMEANOR POSSESSION OF STOLEN PROPERTY            ,7,4,11,11,13
110,MISDEMEANOR SEX CRIMES (4),126,97,154,226,275
110,MISDEMEANOR DANGEROUS DRUGS  (1),79,36,32,35,39
110,MISDEMEANOR DANGEROUS WEAPONS (5)               ,26,23,14,21,41
110,PETIT LARCENY                         ,1759,1348,1842,2453,2876
110,ASSAULT 3 AND RELATED OFFENSES        ,810,688,808,917,1178
110,INTOXICATED & IMPAIRED DRIVING              ,51,46,33,46,84
110,VEHICLE AND TRAFFIC LAWS              ,110,90,130,195,262
110,MISD. CRIMINAL MISCHIEF & RELATED OFFENSES  ,412,446,496,498,424
110,CRIMINAL TRESPASS,68,54,41,40,18
110,UNAUTHORIZED USE OF A VEHICLE           ,17,12,14,17,13
110,OFFENSES AGAINST THE PERSON (7)      ,23,11,11,19,25
110,OFFENSES AGAINST PUBLIC ADMINISTRATION (2),75,52,28,69,123
110,ADMINISTRATIVE CODE (6)            ,10,11,13,10,7
110,FRAUDS (3)                    ,28,24,44,25,29
110,AGGRAVATED HARASSMENT 2               ,102,101,109,137,131
110,OTHER MISDEMEANORS (8),249,222,220,257,347
110,TOTAL MISDEMEANOR OFFENSES,3952,3265,4000,4976,5885
111,MISDEMEANOR POSSESSION OF STOLEN PROPERTY            ,1,0,1,1,4
111,MISDEMEANOR SEX CRIMES (4),30,36,26,21,37
111,MISDEMEANOR DANGEROUS DRUGS  (1),18,6,4,0,4
111,MISDEMEANOR DANGEROUS WEAPONS (5)               ,9,2,5,7,12
111,PETIT LARCENY                         ,449,439,614,768,588
111,ASSAULT 3 AND RELATED OFFENSES        ,171,159,169,239,238
111,INTOXICATED & IMPAIRED DRIVING              ,40,19,18,37,51
111,VEHICLE AND TRAFFIC LAWS              ,53,28,40,113,198
111,MISD. CRIMINAL MISCHIEF & RELATED OFFENSES  ,162,175,138,108,142
111,CRIMINAL TRESPASS,18,15,12,27,14
111,UNAUTHORIZED USE OF A VEHICLE           ,6,7,8,11,12
111,OFFENSES AGAINST THE PERSON (7)      ,5,5,2,3,5
111,OFFENSES AGAINST PUBLIC ADMINISTRATION (2),27,21,19,11,9
111,ADMINISTRATIVE CODE (6)            ,6,7,3,4,6
111,FRAUDS (3)                    ,31,46,145,38,63
111,AGGRAVATED HARASSMENT 2               ,59,77,75,106,75
111,OTHER MISDEMEANORS (8),45,39,60,65,81
111,TOTAL MISDEMEANOR OFFENSES,1130,1081,1339,1559,1539
112,MISDEMEANOR POSSESSION OF STOLEN PROPERTY            ,3,2,4,9,5
112,MISDEMEANOR SEX CRIMES (4),54,42,39,40,52
112,MISDEMEANOR DANGEROUS DRUGS  (1),10,8,12,6,1
112,MISDEMEANOR DANGEROUS WEAPONS (5)               ,6,2,7,5,11
112,PETIT LARCENY                         ,999,1099,1414,1791,1560
112,ASSAULT 3 AND RELATED OFFENSES        ,206,140,182,195,252
112,INTOXICATED & IMPAIRED DRIVING              ,104,51,54,55,56
112,VEHICLE AND TRAFFIC LAWS              ,67,61,77,108,170
112,MISD. CRIMINAL MISCHIEF & RELATED OFFENSES  ,296,310,382,330,249
112,CRIMINAL TRESPASS,24,26,20,14,18
112,UNAUTHORIZED USE OF A VEHICLE           ,25,20,9,14,10
112,OFFENSES AGAINST THE PERSON (7)      ,4,5,1,5,5
112,OFFENSES AGAINST PUBLIC ADMINISTRATION (2),44,29,53,51,39
112,ADMINISTRATIVE CODE (6)            ,5,2,2,0,3
112,FRAUDS (3)                    ,25,19,55,41,31
112,AGGRAVATED HARASSMENT 2               ,75,50,43,82,91
112,OTHER MISDEMEANORS (8),73,52,83,94,117
112,TOTAL MISDEMEANOR OFFENSES,2020,1918,2437,2840,2670
113,MISDEMEANOR POSSESSION OF STOLEN PROPERTY            ,8,5,14,21,17
113,MISDEMEANOR SEX CRIMES (4),91,70,82,97,158
113,MISDEMEANOR DANGEROUS DRUGS  (1),140,54,30,23,34
113,MISDEMEANOR DANGEROUS WEAPONS (5)               ,114,34,91,167,257
113,PETIT LARCENY                         ,1089,1040,992,1328,1188
113,ASSAULT 3 AND RELATED OFFENSES        ,681,511,488,540,696
113,INTOXICATED & IMPAIRED DRIVING              ,64,32,56,34,51
113,VEHICLE AND TRAFFIC LAWS              ,167,133,220,349,692
113,MISD. CRIMINAL MISCHIEF & RELATED OFFENSES  ,503,504,466,435,547
113,CRIMINAL TRESPASS,157,95,71,64,73
113,UNAUTHORIZED USE OF A VEHICLE           ,56,62,51,37,50
113,OFFENSES AGAINST THE PERSON (7)      ,27,10,12,12,32
113,OFFENSES AGAINST PUBLIC ADMINISTRATION (2),140,108,99,95,168
113,ADMINISTRATIVE CODE (6)            ,29,27,19,39,28
113,FRAUDS (3)                    ,50,30,24,54,78
113,AGGRAVATED HARASSMENT 2               ,340,250,286,335,282
113,OTHER MISDEMEANORS (8),399,328,371,361,417
113,TOTAL MISDEMEANOR OFFENSES,4055,3293,3372,3991,4768
114,MISDEMEANOR POSSESSION OF STOLEN PROPERTY            ,12,5,5,13,12
114,MISDEMEANOR SEX CRIMES (4),123,99,108,133,171
114,MISDEMEANOR DANGEROUS DRUGS  (1),117,82,84,49,44
114,MISDEMEANOR DANGEROUS WEAPONS (5)               ,34,22,22,31,36
114,PETIT LARCENY                         ,1485,2042,2299,2616,2358
114,ASSAULT 3 AND RELATED OFFENSES        ,811,705,925,908,876
114,INTOXICATED & IMPAIRED DRIVING              ,86,42,64,81,62
114,VEHICLE AND TRAFFIC LAWS              ,162,136,160,354,438
114,MISD. CRIMINAL MISCHIEF & RELATED OFFENSES  ,658,658,716,740,628
114,CRIMINAL TRESPASS,83,63,86,52,69
114,UNAUTHORIZED USE OF A VEHICLE           ,41,30,44,33,32
114,OFFENSES AGAINST THE PERSON (7)      ,27,12,17,19,14
114,OFFENSES AGAINST PUBLIC ADMINISTRATION (2),93,75,79,103,105
114,ADMINISTRATIVE CODE (6)            ,12,8,17,11,7
114,FRAUDS (3)                    ,46,33,165,71,46
114,AGGRAVATED HARASSMENT 2               ,379,334,418,444,375
114,OTHER MISDEMEANORS (8),259,287,313,336,423
114,TOTAL MISDEMEANOR OFFENSES,4428,4633,5522,5994,5696
115,MISDEMEANOR POSSESSION OF STOLEN PROPERTY            ,14,8,10,12,15
115,MISDEMEANOR SEX CRIMES (4),219,204,172,182,208
115,MISDEMEANOR DANGEROUS DRUGS  (1),107,64,34,29,56
115,MISDEMEANOR DANGEROUS WEAPONS (5)               ,153,89,154,133,180
115,PETIT LARCENY                         ,1218,1423,1402,1992,2066
115,ASSAULT 3 AND RELATED OFFENSES        ,951,764,858,909,991
115,INTOXICATED & IMPAIRED DRIVING              ,123,68,71,87,206
115,VEHICLE AND TRAFFIC LAWS              ,126,127,170,212,302
115,MISD. CRIMINAL MISCHIEF & RELATED OFFENSES  ,505,508,496,498,412
115,CRIMINAL TRESPASS,75,63,41,36,38
115,UNAUTHORIZED USE OF A VEHICLE           ,96,68,41,60,65
115,OFFENSES AGAINST THE PERSON (7)      ,26,24,18,17,19
115,OFFENSES AGAINST PUBLIC ADMINISTRATION (2),67,42,37,37,89
115,ADMINISTRATIVE CODE (6)            ,17,21,17,20,3
115,FRAUDS (3)                    ,75,54,80,140,126
115,AGGRAVATED HARASSMENT 2               ,167,114,121,117,122
115,OTHER MISDEMEANORS (8),364,229,278,271,340
115,TOTAL MISDEMEANOR OFFENSES,4303,3870,4000,4752,5238
120,MISDEMEANOR POSSESSION OF STOLEN PROPERTY            ,16,6,7,10,12
120,MISDEMEANOR SEX CRIMES (4),89,61,90,95,129
120,MISDEMEANOR DANGEROUS DRUGS  (1),255,114,158,235,262
120,MISDEMEANOR DANGEROUS WEAPONS (5)               ,39,21,14,16,30
120,PETIT LARCENY                         ,832,820,888,1208,1314
120,ASSAULT 3 AND RELATED OFFENSES        ,651,515,551,636,723
120,INTOXICATED & IMPAIRED DRIVING              ,130,51,58,66,81
120,VEHICLE AND TRAFFIC LAWS              ,43,45,58,303,714
120,MISD. CRIMINAL MISCHIEF & RELATED OFFENSES  ,757,675,664,549,487
120,CRIMINAL TRESPASS,76,36,49,81,70
120,UNAUTHORIZED USE OF A VEHICLE           ,30,21,22,37,41
120,OFFENSES AGAINST THE PERSON (7)      ,13,9,11,19,29
120,OFFENSES AGAINST PUBLIC ADMINISTRATION (2),216,134,111,156,174
120,ADMINISTRATIVE CODE (6)            ,10,17,7,6,7
120,FRAUDS (3)                    ,35,42,76,69,51
120,AGGRAVATED HARASSMENT 2               ,385,340,341,438,459
120,OTHER MISDEMEANORS (8),238,182,230,320,366
120,TOTAL MISDEMEANOR OFFENSES,3815,3089,3335,4244,4949
121,MISDEMEANOR POSSESSION OF STOLEN PROPERTY            ,6,9,10,14,9
121,MISDEMEANOR SEX CRIMES (4),51,34,51,61,95
121,MISDEMEANOR DANGEROUS DRUGS  (1),82,52,76,52,17
121,MISDEMEANOR DANGEROUS WEAPONS (5)               ,20,9,11,17,16
121,PETIT LARCENY                         ,1092,892,976,1428,1495
121,ASSAULT 3 AND RELATED OFFENSES        ,456,359,410,496,518
121,INTOXICATED & IMPAIRED DRIVING              ,294,121,100,84,85
121,VEHICLE AND TRAFFIC LAWS              ,47,44,77,186,370
121,MISD. CRIMINAL MISCHIEF & RELATED OFFENSES  ,448,414,417,416,348
121,CRIMINAL TRESPASS,54,35,61,54,53
121,UNAUTHORIZED USE OF A VEHICLE           ,22,21,28,20,41
121,OFFENSES AGAINST THE PERSON (7)      ,11,10,14,22,17
121,OFFENSES AGAINST PUBLIC ADMINISTRATION (2),140,115,134,116,84
121,ADMINISTRATIVE CODE (6)            ,17,17,8,9,7
121,FRAUDS (3)                    ,61,81,161,112,110
121,AGGRAVATED HARASSMENT 2               ,346,287,296,327,411
121,OTHER MISDEMEANORS (8),148,130,134,179,192
121,TOTAL MISDEMEANOR OFFENSES,3295,2630,2964,3593,3868
122,MISDEMEANOR POSSESSION OF STOLEN PROPERTY            ,11,7,2,6,7
122,MISDEMEANOR SEX CRIMES (4),43,33,49,53,61
122,MISDEMEANOR DANGEROUS DRUGS  (1),99,45,84,50,42
122,MISDEMEANOR DANGEROUS WEAPONS (5)               ,12,7,8,15,12
122,PETIT LARCENY                         ,641,628,518,875,1090
122,ASSAULT 3 AND RELATED OFFENSES        ,339,231,253,335,335
122,INTOXICATED & IMPAIRED DRIVING              ,125,74,64,50,59
122,VEHICLE AND TRAFFIC LAWS              ,58,51,43,123,214
122,MISD. CRIMINAL MISCHIEF & RELATED OFFENSES  ,499,648,553,715,389
122,CRIMINAL TRESPASS,54,28,24,44,38
122,UNAUTHORIZED USE OF A VEHICLE           ,18,21,14,13,38
122,OFFENSES AGAINST THE PERSON (7)      ,14,18,13,30,22
122,OFFENSES AGAINST PUBLIC ADMINISTRATION (2),15,16,11,20,31
122,ADMINISTRATIVE CODE (6)            ,3,12,7,7,6
122,FRAUDS (3)                    ,85,87,300,105,139
122,AGGRAVATED HARASSMENT 2               ,144,147,134,179,279
122,OTHER MISDEMEANORS (8),133,91,93,148,142
122,TOTAL MISDEMEANOR OFFENSES,2293,2144,2170,2768,2904
123,MISDEMEANOR POSSESSION OF STOLEN PROPERTY            ,3,3,1,5,2
123,MISDEMEANOR SEX CRIMES (4),20,19,18,26,23
123,MISDEMEANOR DANGEROUS DRUGS  (1),47,15,33,34,13
123,MISDEMEANOR DANGEROUS WEAPONS (5)               ,11,5,7,8,13
123,PETIT LARCENY                         ,286,285,288,501,513
123,ASSAULT 3 AND RELATED OFFENSES        ,125,139,145,186,193
123,INTOXICATED & IMPAIRED DRIVING              ,96,53,58,47,49
123,VEHICLE AND TRAFFIC LAWS              ,18,9,19,86,187
123,MISD. CRIMINAL MISCHIEF & RELATED OFFENSES  ,240,230,244,198,155
123,CRIMINAL TRESPASS,40,24,37,37,21
123,UNAUTHORIZED USE OF A VEHICLE           ,7,8,5,9,19
123,OFFENSES AGAINST THE PERSON (7)      ,3,6,2,7,7
123,OFFENSES AGAINST PUBLIC ADMINISTRATION (2),61,60,70,77,54
123,ADMINISTRATIVE CODE (6)            ,7,8,0,2,3
123,FRAUDS (3)                    ,17,22,112,58,40
123,AGGRAVATED HARASSMENT 2               ,133,122,127,138,206
123,OTHER MISDEMEANORS (8),58,64,54,68,82
123,TOTAL MISDEMEANOR OFFENSES,1172,1072,1220,1487,1580
DOC,MISDEMEANOR POSSESSION OF STOLEN PROPERTY            ,0,0,0,0,0
DOC,MISDEMEANOR SEX CRIMES (4),17,9,23,19,29
DOC,MISDEMEANOR DANGEROUS DRUGS  (1),0,0,0,0,0
DOC,MISDEMEANOR DANGEROUS WEAPONS (5)               ,2,0,0,0,1
DOC,PETIT LARCENY                         ,8,9,5,14,16
DOC,ASSAULT 3 AND RELATED OFFENSES        ,3,0,2,4,6
DOC,INTOXICATED & IMPAIRED DRIVING              ,0,0,0,0,0
DOC,VEHICLE AND TRAFFIC LAWS              ,0,1,0,1,4
DOC,MISD. CRIMINAL MISCHIEF & RELATED OFFENSES  ,2,0,2,1,7
DOC,CRIMINAL TRESPASS,0,0,2,0,0
DOC,UNAUTHORIZED USE OF A VEHICLE           ,0,0,0,0,1
DOC,OFFENSES AGAINST THE PERSON (7)      ,0,0,0,0,0
DOC,OFFENSES AGAINST PUBLIC ADMINISTRATION (2),322,74,62,138,173
DOC,ADMINISTRATIVE CODE (6)            ,0,0,0,0,0
DOC,FRAUDS (3)                    ,0,0,0,0,0
DOC,AGGRAVATED HARASSMENT 2               ,3,1,1,3,1
DOC,OTHER MISDEMEANORS (8),1,0,0,1,3
DOC,TOTAL MISDEMEANOR OFFENSES,358,94,97,181,241
,,,,,,
,,,,,,
,,,,,,
,,,,,,
,,,,,,
,,,,,,
,,,,,,
,,,,,,
,,,,,,
,,,,,,
,,,,,,
,,,,,,
,,,,,,
,,,,,,
,,,,,,
,,,,,,
,,,,,,
,,,,,,
,,,,,,
,,,,,,
,,,,,,
,,,,,,
,,,,,,
,,,,,,